Workbook

Sheet เรียงน้ำหนัก
A1: บ้าน | B1: ไร่ | C1: น้ำหนัก | D1: จำนวนตัว | E1: น้ำหนักรวม | F1: คัง | G1: จำนวนปลากะพง | H1: นน.ปลากะพง | I1: คัง
A2: 4ก | B2: 1.25 | C2: =+เรียงบ่อ1!R33 -> #DIV/0! | D2: =+เรียงบ่อ1!R34 -> 0 | E2: =+C2*D2 -> #DIV/0! | F2: =+D2 -> 0 | G2: =+D2-F2 -> 0 | H2: =+G2*C2 -> #DIV/0!
A3: 1โก๊ะ | B3: 2 | C3: =+เรียงบ่อ1!K19 -> #DIV/0! | D3: =+เรียงบ่อ1!K20 -> 0 | E3: =+C3*D3 -> #DIV/0! | F3: 0 | G3: =+D3-F3 -> 0 | H3: =+G3*C3 -> #DIV/0!
A4: 1ก คัง | B4: 2 | C4: =+เรียงบ่อ1!R12 -> 4.6412859 | D4: =+เรียงบ่อ1!R13 -> 2345 | E4: =+C4*D4 -> 10883.815 | F4: =+D4 -> 2345 | G4: =+D4-F4 -> 0 | H4: =+G4*C4 -> 0 | I4: 1
A5: อ่าง | B5: 4 | C5: =+เรียงบ่อ1!Z12 -> 3.6891856 | D5: =+เรียงบ่อ1!Z13 -> 3975 | E5: =+C5*D5 -> 14664.513 | F5: 0 | G5: =+D5-F5 -> 3975 | H5: =+G5*C5 -> 14664.513
A6: ปลาย | B6: 2 | C6: =+เรียงบ่อ1!Z33 -> 3.2221755 | D6: =+เรียงบ่อ1!Z34 -> 2634 | E6: =+C6*D6 -> 8487.2104 | F6: 0 | G6: =+D6-F6 -> 2634 | H6: =+G6*C6 -> 8487.2104
A7: 3โก๊ะ | B7: 1.75 | C7: =+เรียงบ่อ1!G19 -> 2.8739677 | D7: =+เรียงบ่อ1!G20 -> 2503 | E7: =+C7*D7 -> 7193.5411 | F7: 0 | G7: =+D7-F7 -> 2503 | H7: =+G7*C7 -> 7193.5411
A8: 5ถนน | B8: 2.5 | C8: =+เรียงบ่อ1!R40 -> 2.861 | D8: =+เรียงบ่อ1!R41 -> 2500 | E8: =+C8*D8 -> 7152.5 | F8: 300 | G8: =+D8-F8 -> 2200 | H8: =+G8*C8 -> 6294.2
A9: 2ก คัง | B9: 2 | C9: =+เรียงบ่อ1!R19 -> 2.8068249 | D9: =+เรียงบ่อ1!R20 -> 4626 | E9: =+C9*D9 -> 12984.372 | F9: =+D9 -> 4626 | G9: =+D9-F9 -> 0 | H9: =+G9*C9 -> 0 | I9: 1
A10: อ่างโก๊ะ | B10: 2.75 | C10: =+บ่อ6โก๊ะ!P42 -> 2.6742726 | D10: =+บ่อ6โก๊ะ!T42 -> 2842 | E10: =+C10*D10 -> 7600.2827 | F10: 0 | G10: =+D10-F10 -> 2842 | H10: =+G10*C10 -> 7600.2827
A11: 1ญ | B11: 1.5 | C11: =+เรียงบ่อ1!V12 -> 2.426613 | D11: =+เรียงบ่อ1!V13 -> 2227 | E11: =+C11*D11 -> 5404.0673 | F11: 0 | G11: =+D11-F11 -> 2227 | H11: =+G11*C11 -> 5404.0673
A12: 1ฝน คัง | B12: 1.75 | C12: =+เรียงบ่อ1!N12 -> 1.8860122 | D12: =+เรียงบ่อ1!N13 -> 4372 | E12: =+C12*D12 -> 8245.6454 | F12: =+D12 -> 4372 | G12: =+D12-F12 -> 0 | H12: =+G12*C12 -> 0 | I12: 1
A13: 3ญ คัง | B13: 2.5 | C13: =+เรียงบ่อ1!V26 -> 1.7824618 | D13: =+เรียงบ่อ1!V27 -> 7361 | E13: =+C13*D13 -> 13120.701 | F13: =+D13 -> 7361 | G13: =+D13-F13 -> 0 | H13: =+G13*C13 -> 0 | I13: 1
A14: 4โก๊ะ | B14: 2.5 | C14: =+เรียงบ่อ1!E19 -> 1.6198997 | D14: =+เรียงบ่อ1!E20 -> 2300 | E14: =+C14*D14 -> 3725.7692 | F14: 0 | G14: =+D14-F14 -> 2300 | H14: =+G14*C14 -> 3725.7692
A15: 2โก๊ะ | B15: 2 | C15: =+เรียงบ่อ1!I19 -> 1.4941667 | D15: =+เรียงบ่อ1!I20 -> 2400 | E15: =+C15*D15 -> 3586 | F15: =130+300 -> 430 | G15: =+D15-F15 -> 1970 | H15: =+G15*C15 -> 2943.5083
A16: 2ญ | B16: 1.75 | C16: =+เรียงบ่อ1!V19 -> 1.3602245 | D16: =+เรียงบ่อ1!V20 -> 2494 | E16: =+C16*D16 -> 3392.4 | G16: =+D16-F16 -> 2494 | H16: =+G16*C16 -> 3392.4
A17: 3ก | B17: 1.25 | C17: =+เรียงบ่อ1!R26 -> 0.36381458 | D17: =+เรียงบ่อ1!R27 -> 6672 | E17: =+C17*D17 -> 2427.3709 | F17: 0 | G17: =+D17-F17 -> 6672 | H17: =+G17*C17 -> 2427.3709
A18: 2ฝน | B18: 1 | C18: =+เรียงบ่อ1!N19 -> 0.04 | D18: =+เรียงบ่อ1!N20 -> 6000 | E18: =+C18*D18 -> 240 | F18: 0 | G18: =+D18-F18 -> 6000 | H18: =+G18*C18 -> 240
A19: 4ญ | B19: 2.5 | C19: =+เรียงบ่อ1!V33 -> 0.025161765 | D19: =+เรียงบ่อ1!V34 -> 17000 | E19: =+C19*D19 -> 427.75 | F19: 0 | G19: =+D19-F19 -> 17000 | H19: =+G19*C19 -> 427.75
A20: 5โก๊ะ | B20: 2.25 | C20: =+เรียงบ่อ1!C19 -> 0.01124026 | D20: =+เรียงบ่อ1!C20 -> 11000 | E20: =+C20*D20 -> 123.64286 | F20: 0 | G20: =+D20-F20 -> 11000 | H20: =+G20*C20 -> 123.64286
A22: ปลาดุก | B22: 0.75

Sheet เรียงบ่อ1
P3: ข้างบ้าน | Q3: วันเลี้ยง | R3: =+#REF! -> #REF!
Q4: นน. | R4: =+#REF! -> #REF!
Q5: จำนวนตัว | R5: =+#REF! -> #REF! | T5: บ้าน
Q6: นน.รวม | R6: =+R4*R5 -> #REF!
Q7: เหยื่อ | R7: =+#REF! -> #REF!
Q8: อาหาร | R8: =+#REF! -> #REF!
Q9: ตาย | R9: =+#REF! -> #REF!
L11: 1 ฝน | M11: วันเลี้ยง | N11: =+'1ฝน'!I47 -> 1 ปี 4 เดือน 22 วัน | P11: 1 ก | Q11: วันเลี้ยง | R11: =+'1ก'!I47 -> 0 ปี 11 เดือน 27 วัน | T11: 1ญ | U11: วันเลี้ยง | V11: =+'1ญ'!#REF! -> #REF! | X11: อ่าง | Y11: วันเลี้ยง | Z11: =+อ่าง!I47 -> 0 ปี 9 เดือน 13 วัน
M12: นน. | N12: =+'1ฝน'!P42 -> 1.8860122 | Q12: นน. | R12: =+'1ก'!P42 -> 4.6412859 | U12: นน. | V12: =+'1ญ'!P42 -> 2.426613 | Y12: นน. | Z12: =+อ่าง!P42 -> 3.6891856
M13: จำนวนตัว | N13: =+'1ฝน'!T42 -> 4372 | Q13: จำนวนตัว | R13: =+'1ก'!T42 -> 2345 | U13: จำนวนตัว | V13: =+'1ญ'!T42 -> 2227 | Y13: จำนวนตัว | Z13: =+อ่าง!T42 -> 3975
M14: นน.รวม | N14: =+N12*N13 -> 8245.6454 | Q14: นน.รวม | R14: =+R12*R13 -> 10883.815 | U14: นน.รวม | V14: =+V12*V13 -> 5404.0673 | Y14: นน.รวม | Z14: =+Z12*Z13 -> 14664.513
M15: เหยื่อ | N15: =+'1ฝน'!L42 -> 32340 | Q15: เหยื่อ | R15: =+'1ก'!L42 -> 25500 | U15: เหยื่อ | V15: =+'1ญ'!L42 -> 10620 | Y15: เหยื่อ | Z15: =+อ่าง!L42 -> 48885
M16: อาหาร | N16: =+'1ฝน'!L43 -> 2393 | Q16: อาหาร | R16: =+'1ก'!L43 -> 600 | U16: อาหาร | V16: =+'1ญ'!L43 -> 2830 | Y16: อาหาร | Z16: =+อ่าง!L43 -> 4520
B17: 5 โก๊ะ | D17: 4 โก๊ะ | F17: 3 โก๊ะ | H17: 2 โก๊ะ | J17: 1 โก๊ะ | M17: ตาย | N17: =+'1ฝน'!L44 -> 835 | Q17: ตาย | R17: =+'1ก'!L44 -> -411 | U17: ตาย | V17: =+'1ญ'!L44 -> 173 | Y17: ตาย | Z17: =+อ่าง!L44 -> 25
B18: วันเลี้ยง | C18: =+'5โก๊ะ'!I47 -> 0 ปี 0 เดือน 28 วัน | D18: วันเลี้ยง | E18: =+'4โก๊ะ'!#REF! -> #REF! | F18: วันเลี้ยง | G18: =+'3โก๊ะ'!I47 -> 0 ปี 8 เดือน 25 วัน | H18: วันเลี้ยง | I18: =+'2โก๊ะ'!I47 -> 0 ปี 2 เดือน 6 วัน | J18: วันเลี้ยง | K18: =+'1โก๊ะ'!I47 -> 126 ปี 3 เดือน 2 วัน | L18: 2 ฝน | M18: วันเลี้ยง | N18: =+'2ฝน'!I47 -> #NUM! | P18: 2 ก | Q18: วันเลี้ยง | R18: =+'2ก'!I47 -> 1 ปี 2 เดือน 22 วัน | T18: 2ญ | U18: วันเลี้ยง | V18: =+'2ญ'!I47 -> 0 ปี 2 เดือน 6 วัน
B19: นน. | C19: =+'5โก๊ะ'!P42 -> 0.01124026 | D19: นน. | E19: =+'4โก๊ะ'!P42 -> 1.6198997 | F19: นน. | G19: =+'3โก๊ะ'!P42 -> 2.8739677 | H19: นน. | I19: =+'2โก๊ะ'!P42 -> 1.4941667 | J19: นน. | K19: =+'1โก๊ะ'!P42 -> #DIV/0! | M19: นน. | N19: =+'2ฝน'!P42 -> 0.04 | Q19: นน. | R19: =+'2ก'!GU34 -> 2.8068249 | U19: นน. | V19: =+'2ญ'!P42 -> 1.3602245
B20: จำนวนตัว | C20: =+'5โก๊ะ'!T42 -> 11000 | D20: จำนวนตัว | E20: =+'4โก๊ะ'!T42 -> 2300 | F20: จำนวนตัว | G20: =+'3โก๊ะ'!T42 -> 2503 | H20: จำนวนตัว | I20: =+'2โก๊ะ'!T42 -> 2400 | J20: จำนวนตัว | K20: =+'1โก๊ะ'!T42 -> 0 | M20: จำนวนตัว | N20: =+'2ฝน'!T42 -> 6000 | Q20: จำนวนตัว | R20: =+'2ก'!GV34 -> 4626 | U20: จำนวนตัว | V20: =+'2ญ'!T42 -> 2494
B21: นน.รวม | C21: =+C19*C20 -> 123.64286 | D21: นน.รวม | E21: =+E19*E20 -> 3725.7692 | F21: นน.รวม | G21: =+G19*G20 -> 7193.5411 | H21: นน.รวม | I21: =+I19*I20 -> 3586 | J21: นน.รวม | K21: =+K19*K20 -> #DIV/0! | M21: นน.รวม | N21: =+N19*N20 -> 240 | Q21: นน.รวม | R21: =+R19*R20 -> 12984.372 | U21: นน.รวม | V21: =+V19*V20 -> 3392.4
B22: เหยื่อ | C22: =+'5โก๊ะ'!L42 -> 0 | D22: เหยื่อ | E22: =+'4โก๊ะ'!L42 -> 1110 | F22: เหยื่อ | G22: =+'3โก๊ะ'!L42 -> 13230 | H22: เหยื่อ | I22: =+'2โก๊ะ'!L42 -> 0 | J22: เหยื่อ | K22: =+'1โก๊ะ'!L42 -> 0 | M22: เหยื่อ | N22: =+'[1]30.7.67 2ฝน ไสร้'!L42 -> 7200 | Q22: เหยื่อ | R22: =+'2ก'!L42 -> 31200 | U22: เหยื่อ | V22: =+'2ญ'!L42 -> 1560
B23: อาหาร | C23: =+'5โก๊ะ'!L43 -> 183 | D23: อาหาร | E23: =+'4โก๊ะ'!L43 -> 2050 | F23: อาหาร | G23: =+'3โก๊ะ'!L43 -> 4355 | H23: อาหาร | I23: =+'2โก๊ะ'!L43 -> 2660 | J23: อาหาร | K23: =+'1โก๊ะ'!L43 -> 0 | M23: อาหาร | N23: =+'[1]30.7.67 2ฝน ไสร้'!L43 -> 4326 | Q23: อาหาร | R23: =+'2ก'!L43 -> 1310 | U23: อาหาร | V23: =+'2ญ'!L43 -> 2065
B24: ตาย | C24: =+'5โก๊ะ'!L44 -> 3000 | D24: ตาย | E24: =+'4โก๊ะ'!L44 -> 0 | F24: ตาย | G24: =+'3โก๊ะ'!L44 -> 17 | H24: ตาย | I24: =+'2โก๊ะ'!L44 -> 0 | J24: ตาย | K24: =+'1โก๊ะ'!L44 -> 0 | M24: ตาย | N24: =+'[1]30.7.67 2ฝน ไสร้'!L44 -> 1461 | Q24: ตาย | R24: =+'2ก'!L44 -> -655 | U24: ตาย | V24: =+'2ญ'!L44 -> 0
P25: 3 ก | Q25: วันเลี้ยง | R25: =+'3ก'!I47 -> 0 ปี 4 เดือน 11 วัน | T25: 3ญ | U25: วันเลี้ยง | V25: =+'3ญ'!I47 -> 2 ปี 2 เดือน 16 วัน
Q26: นน. | R26: =+'3ก'!P42 -> 0.36381458 | U26: นน. | V26: =+'3ญ'!P42 -> 1.7824618
Q27: จำนวนตัว | R27: =+'3ก'!T42 -> 6672 | U27: จำนวนตัว | V27: =+'3ญ'!T42 -> 7361
Q28: นน.รวม | R28: =+R26*R27 -> 2427.3709 | U28: นน.รวม | V28: =+เรียงบ่อ1!V26*เรียงบ่อ1!V27 -> 13120.701
Q29: เหยื่อ | R29: =+'3ก'!L42 -> 0 | U29: เหยื่อ | V29: =+'3ญ'!L42 -> 71250
L30: รวม | Q30: อาหาร | R30: =+'3ก'!L43 -> 4040 | U30: อาหาร | V30: =+'3ญ'!L43 -> 6111
M31: ไซร้ ตัว | N31: =+R5+R34+V34 -> #REF! | Q31: ตาย | R31: =+'3ก'!L44 -> -70 | U31: ตาย | V31: =+'3ญ'!L44 -> 5039
M32: ไซร้ นน. | N32: =+R6+R35+V35 -> #REF! | P32: 4 ก | Q32: วันเลี้ยง | R32: =+'4ก'!I47 -> 126 ปี 3 เดือน 2 วัน | T32: 4ญ | U32: วันเลี้ยง | V32: =+'4ญ'!I47 -> 0 ปี 1 เดือน 1 วัน | X32: ปลาย | Y32: วันเลี้ยง | Z32: =+ปลาย!I47 -> 0 ปี 10 เดือน 24 วัน
Q33: นน. | R33: =+'4ก'!P42 -> #DIV/0! | U33: นน. | V33: =+'4ญ'!P42 -> 0.025161765 | Y33: นน. | Z33: =+ปลาย!P42 -> 3.2221755
M34: ยักษ์ ตัว | N34: =+C20+E20+G20+K20+I20+N13+R13+R20+R41+V13+V20+V27+Z13+Z34+V34 -> 67737 | Q34: จำนวนตัว | R34: =+'4ก'!T42 -> 0 | U34: จำนวนตัว | V34: =+'4ญ'!T42 -> 17000 | Y34: จำนวนตัว | Z34: =+ปลาย!T42 -> 2634
M35: ยักษ์ นน. | N35: =+C21+E21+G21+K21+I21+N14+R14+R21+R42+V14+V21+V28+Z14+Z35+V35 -> #DIV/0! | Q35: นน.รวม | R35: =+R33*R34 -> #DIV/0! | U35: นน.รวม | V35: =+V33*V34 -> 427.75 | Y35: นน.รวม | Z35: =+Z33*Z34 -> 8487.2104
Q36: เหยื่อ | R36: =+'4ก'!L42 -> 0 | U36: เหยื่อ | V36: =+'4ญ'!L42 -> 0 | Y36: เหยื่อ | Z36: =+ปลาย!L42 -> 23850
Q37: อาหาร | R37: =+'4ก'!L43 -> 0 | U37: อาหาร | V37: =+'4ญ'!L43 -> 753.5 | Y37: อาหาร | Z37: =+ปลาย!L43 -> 4295
Q38: ตาย | R38: =+'4ก'!L44 -> 0 | U38: ตาย | V38: =+'4ญ'!L44 -> 0 | Y38: ตาย | Z38: =+ปลาย!L44 -> 3646
P39: 5 ถนน | Q39: วันเลี้ยง | R39: =+'5ถนน'!I47 -> 0 ปี 9 เดือน 22 วัน
Q40: นน. | R40: =+'5ถนน'!P42 -> 2.861
Q41: จำนวนตัว | R41: =+'5ถนน'!T42 -> 2500
Q42: นน.รวม | R42: =+R40*R41 -> 7152.5
Q43: เหยื่อ | R43: =+'5ถนน'!L42 -> 22620
Q44: อาหาร | R44: =+'5ถนน'!L43 -> 3345
Q45: ตาย | R45: =+'5ถนน'!L44 -> 0

Sheet บ่อ (3)
A1: วันที่ | B1: 20302 | I1: 20333 | P1: 20363 | W1: 20394 | AD1: 20424 | AK1: 20455 | AR1: 20486 | AY1: 20515 | BF1: 20546 | BM1: 20576 | BT1: 20607 | CA1: 20637 | CH1: 20668 | CO1: 20699 | CV1: 20729 | DC1: 20760 | DJ1: 20790 | DQ1: 20821 | DX1: 20852 | EE1: 20880
B2: เหยื่อ | D2: อาหาร | F2: ตาย | G2: นน.ตัว | H2: จำนวนปลา | I2: เหยื่อ | K2: อาหาร | M2: ตาย | N2: นน.ตัว | O2: จำนวนปลา | P2: เหยื่อ | R2: อาหาร | T2: ตาย | U2: นน.ตัว | V2: จำนวนปลา | W2: เหยื่อ | Y2: อาหาร | AA2: ตาย | AB2: นน.ตัว | AC2: จำนวนปลา | AD2: เหยื่อ | AF2: อาหาร | AH2: ตาย | AI2: นน.ตัว | AJ2: จำนวนปลา | AK2: เหยื่อ | AM2: อาหาร | AO2: ตาย | AP2: นน.ตัว | AQ2: จำนวนปลา | AR2: เหยื่อ | AT2: อาหาร | AV2: ตาย | AW2: นน.ตัว | AX2: จำนวนปลา | AY2: เหยื่อ | BA2: อาหาร | BC2: ตาย | BD2: นน.ตัว | BE2: จำนวนปลา | BF2: เหยื่อ | BH2: อาหาร | BJ2: ตาย | BK2: นน.ตัว | BL2: จำนวนปลา | BM2: เหยื่อ | BO2: อาหาร | BQ2: ตาย | BR2: นน.ตัว | BS2: จำนวนปลา | BT2: เหยื่อ | BV2: อาหาร | BX2: ตาย | BY2: นน.ตัว | BZ2: จำนวนปลา | CA2: เหยื่อ | CC2: อาหาร | CE2: ตาย | CF2: นน.ตัว | CG2: จำนวนปลา | CH2: เหยื่อ | CJ2: อาหาร | CL2: ตาย | CM2: นน.ตัว | CN2: จำนวนปลา | CO2: เหยื่อ | CQ2: อาหาร | CS2: ตาย | CT2: นน.ตัว | CU2: จำนวนปลา | CV2: เหยื่อ | CX2: อาหาร | CZ2: ตาย | DA2: นน.ตัว | DB2: จำนวนปลา | DC2: เหยื่อ | DE2: อาหาร | DG2: ตาย | DH2: นน.ตัว | DI2: จำนวนปลา | DJ2: เหยื่อ | DL2: อาหาร | DN2: ตาย | DO2: นน.ตัว | DP2: จำนวนปลา | DQ2: เหยื่อ | DS2: อาหาร | DU2: ตาย | DV2: นน.ตัว | DW2: จำนวนปลา | DX2: เหยื่อ | DZ2: อาหาร | EB2: ตาย | EC2: นน.ตัว | ED2: จำนวนปลา | EE2: เหยื่อ | EG2: อาหาร | EI2: ตาย | EJ2: นน.ตัว | EK2: จำนวนปลา
A3: =TODAY() -> 46114 | B3: เช้า | C3: เย็น | D3: เช้า | E3: เย็น | I3: เช้า | J3: เย็น | K3: เช้า | L3: เย็น | P3: เช้า | Q3: เย็น | R3: เช้า | S3: เย็น | W3: เช้า | X3: เย็น | Y3: เช้า | Z3: เย็น | AD3: เช้า | AE3: เย็น | AF3: เช้า | AG3: เย็น | AK3: เช้า | AL3: เย็น | AM3: เช้า | AN3: เย็น | AR3: เช้า | AS3: เย็น | AT3: เช้า | AU3: เย็น | AY3: เช้า | AZ3: เย็น | BA3: เช้า | BB3: เย็น | BF3: เช้า | BG3: เย็น | BH3: เช้า | BI3: เย็น | BM3: เช้า | BN3: เย็น | BO3: เช้า | BP3: เย็น | BT3: เช้า | BU3: เย็น | BV3: เช้า | BW3: เย็น | CA3: เช้า | CB3: เย็น | CC3: เช้า | CD3: เย็น | CH3: เช้า | CI3: เย็น | CJ3: เช้า | CK3: เย็น | CO3: เช้า | CP3: เย็น | CQ3: เช้า | CR3: เย็น | CV3: เช้า | CW3: เย็น | CX3: เช้า | CY3: เย็น | DC3: เช้า | DD3: เย็น | DE3: เช้า | DF3: เย็น | DJ3: เช้า | DK3: เย็น | DL3: เช้า | DM3: เย็น | DQ3: เช้า | DR3: เย็น | DS3: เช้า | DT3: เย็น | DX3: เช้า | DY3: เย็น | DZ3: เช้า | EA3: เย็น | EE3: เช้า | EF3: เย็น | EG3: เช้า | EH3: เย็น
A4: 1 | B4: 2 | E4: 30 | G4: =((((((B4+C4)*30)/$E$50)+((D4+E4)/$E$51))+($G$35*$H$35))-(F4*$G$35))/($H$35-F4) -> 1.9568434 | H4: =$H$35-F4 -> 2235 | I4: 3 | N4: =((((((I4+J4)*30)/$E$50)+((K4+L4)/$E$51))+(G34*H34))-(F34*G34))/(O4) -> 2.2719553 | O4: =H34-M4 -> 2232 | U4: =((((((P4+Q4)*30)/$E$50)+((R4+S4)/$E$51))+(N34*O34))-(M34*N34))/(V4) -> 2.4535619 | V4: =O34-T4 -> 2228 | AB4: =((((((W4+X4)*30)/$E$50)+((Y4+Z4)/$E$51))+(U34*V34))-(T34*U34))/(AC4) -> 2.4535619 | AC4: =V34-AA4 -> 2228 | AI4: =((((((AD4+AE4)*30)/$E$50)+((AF4+AG4)/$E$51))+(AB34*AC34))-(AA34*AB34))/(AJ4) -> 2.4535619 | AJ4: =AC34-AH4 -> 2228 | AP4: =((((((AK4+AL4)*30)/$E$50)+((AM4+AN4)/$E$51))+(AI34*AJ34))-(AH34*AI34))/(AQ4) -> 2.4535619 | AQ4: =AJ34-AO4 -> 2228 | AW4: =((((((AR4+AS4)*30)/$E$50)+((AT4+AU4)/$E$51))+(AP34*AQ34))-(AO34*AP34))/(AX4) -> 2.4535619 | AX4: =AQ34-AV4 -> 2228 | BD4: =((((((AY4+AZ4)*30)/$E$50)+((BA4+BB4)/$E$51))+(AW34*AX34))-(AV34*AW34))/(BE4) -> 2.4535619 | BE4: =AX34-BC4 -> 2228 | BK4: =((((((BF4+BG4)*30)/$E$50)+((BH4+BI4)/$E$51))+(BD34*BE34))-(BC34*BD34))/(BL4) -> 2.4535619 | BL4: =BE34-BJ4 -> 2228 | BR4: =((((((BM4+BN4)*30)/$E$50)+((BO4+BP4)/$E$51))+(BK34*BL34))-(BJ34*BK34))/(BS4) -> 2.4535619 | BS4: =BL34-BQ4 -> 2228 | BY4: =((((((BT4+BU4)*30)/$E$50)+((BV4+BW4)/$E$51))+(BR34*BS34))-(BQ34*BR34))/(BZ4) -> 2.4535619 | BZ4: =BS34-BX4 -> 2228 | CF4: =((((((CA4+CB4)*30)/$E$50)+((CC4+CD4)/$E$51))+(BY34*BZ34))-(BX34*BY34))/(CG4) -> 2.4535619 | CG4: =BZ34-CE4 -> 2228 | CM4: =((((((CH4+CI4)*30)/$E$50)+((CJ4+CK4)/$E$51))+(CF34*CG34))-(CE34*CF34))/(CN4) -> 2.4535619 | CN4: =CG34-CL4 -> 2228 | CT4: =((((((CO4+CP4)*30)/$E$50)+((CQ4+CR4)/$E$51))+(CM34*CN34))-(CL34*CM34))/(CU4) -> 2.4535619 | CU4: =CN34-CS4 -> 2228 | DA4: =((((((CV4+CW4)*30)/$E$50)+((CX4+CY4)/$E$51))+(CT34*CU34))-(CS34*CT34))/(DB4) -> 2.4535619 | DB4: =CU34-CZ4 -> 2228 | DH4: =((((((DC4+DD4)*30)/$E$50)+((DE4+DF4)/$E$51))+(DA34*DB34))-(CZ34*DA34))/(DI4) -> 2.4535619 | DI4: =DB34-DG4 -> 2228 | DO4: =((((((DJ4+DK4)*30)/$E$50)+((DL4+DM4)/$E$51))+(DH34*DI34))-(DG34*DH34))/(DP4) -> 2.4535619 | DP4: =DI34-DN4 -> 2228 | DV4: =((((((DQ4+DR4)*30)/$E$50)+((DS4+DT4)/$E$51))+(DO34*DP34))-(DN34*DO34))/(DW4) -> 2.4535619 | DW4: =DP34-DU4 -> 2228 | EC4: =((((((DX4+DY4)*30)/$E$50)+((DZ4+EA4)/$E$51))+(DV34*DW34))-(DU34*DV34))/(ED4) -> 2.4535619 | ED4: =DW34-EB4 -> 2228 | EJ4: =((((((EE4+EF4)*30)/$E$50)+((EG4+EH4)/$E$51))+(EC34*ED34))-(EB34*EC34))/(EK4) -> 2.4535619 | EK4: =ED34-EI4 -> 2228
A5: 2 | B5: 3 | E5: 40 | G5: =((((((B5+C5)*30)/$E$50)+((D5+E5)/$E$51))+(G4*H4))-(F5*G4))/(H5) -> 1.9707136 | H5: =H4-F5 -> 2235 | L5: 20 | N5: =((((((I5+J5)*30)/$E$50)+((K5+L5)/$E$51))+(N4*O4))-(M5*N4))/(O5) -> 2.2755395 | O5: =O4-M5 -> 2232 | U5: =((((((P5+Q5)*30)/$E$50)+((R5+S5)/$E$51))+(U4*V4))-(T5*U4))/(V5) -> 2.4535619 | V5: =V4-T5 -> 2228 | AB5: =((((((W5+X5)*30)/$E$50)+((Y5+Z5)/$E$51))+(AB4*AC4))-(AA5*AB4))/(AC5) -> 2.4535619 | AC5: =AC4-AA5 -> 2228 | AI5: =((((((AD5+AE5)*30)/$E$50)+((AF5+AG5)/$E$51))+(AI4*AJ4))-(AH5*AI4))/(AJ5) -> 2.4535619 | AJ5: =AJ4-AH5 -> 2228 | AP5: =((((((AK5+AL5)*30)/$E$50)+((AM5+AN5)/$E$51))+(AP4*AQ4))-(AO5*AP4))/(AQ5) -> 2.4535619 | AQ5: =AQ4-AO5 -> 2228 | AW5: =((((((AR5+AS5)*30)/$E$50)+((AT5+AU5)/$E$51))+(AW4*AX4))-(AV5*AW4))/(AX5) -> 2.4535619 | AX5: =AX4-AV5 -> 2228 | BD5: =((((((AY5+AZ5)*30)/$E$50)+((BA5+BB5)/$E$51))+(BD4*BE4))-(BC5*BD4))/(BE5) -> 2.4535619 | BE5: =BE4-BC5 -> 2228 | BK5: =((((((BF5+BG5)*30)/$E$50)+((BH5+BI5)/$E$51))+(BK4*BL4))-(BJ5*BK4))/(BL5) -> 2.4535619 | BL5: =BL4-BJ5 -> 2228 | BR5: =((((((BM5+BN5)*30)/$E$50)+((BO5+BP5)/$E$51))+(BR4*BS4))-(BQ5*BR4))/(BS5) -> 2.4535619 | BS5: =BS4-BQ5 -> 2228 | BY5: =((((((BT5+BU5)*30)/$E$50)+((BV5+BW5)/$E$51))+(BY4*BZ4))-(BX5*BY4))/(BZ5) -> 2.4535619 | BZ5: =BZ4-BX5 -> 2228 | CF5: =((((((CA5+CB5)*30)/$E$50)+((CC5+CD5)/$E$51))+(CF4*CG4))-(CE5*CF4))/(CG5) -> 2.4535619 | CG5: =CG4-CE5 -> 2228 | CM5: =((((((CH5+CI5)*30)/$E$50)+((CJ5+CK5)/$E$51))+(CM4*CN4))-(CL5*CM4))/(CN5) -> 2.4535619 | CN5: =CN4-CL5 -> 2228 | CT5: =((((((CO5+CP5)*30)/$E$50)+((CQ5+CR5)/$E$51))+(CT4*CU4))-(CS5*CT4))/(CU5) -> 2.4535619 | CU5: =CU4-CS5 -> 2228 | DA5: =((((((CV5+CW5)*30)/$E$50)+((CX5+CY5)/$E$51))+(DA4*DB4))-(CZ5*DA4))/(DB5) -> 2.4535619 | DB5: =DB4-CZ5 -> 2228 | DH5: =((((((DC5+DD5)*30)/$E$50)+((DE5+DF5)/$E$51))+(DH4*DI4))-(DG5*DH4))/(DI5) -> 2.4535619 | DI5: =DI4-DG5 -> 2228 | DO5: =((((((DJ5+DK5)*30)/$E$50)+((DL5+DM5)/$E$51))+(DO4*DP4))-(DN5*DO4))/(DP5) -> 2.4535619 | DP5: =DP4-DN5 -> 2228 | DV5: =((((((DQ5+DR5)*30)/$E$50)+((DS5+DT5)/$E$51))+(DV4*DW4))-(DU5*DV4))/(DW5) -> 2.4535619 | DW5: =DW4-DU5 -> 2228 | EC5: =((((((DX5+DY5)*30)/$E$50)+((DZ5+EA5)/$E$51))+(EC4*ED4))-(EB5*EC4))/(ED5) -> 2.4535619 | ED5: =ED4-EB5 -> 2228 | EJ5: =((((((EE5+EF5)*30)/$E$50)+((EG5+EH5)/$E$51))+(EJ4*EK4))-(EI5*EJ4))/(EK5) -> 2.4535619 | EK5: =EK4-EI5 -> 2228
A6: 3 | E6: 40 | G6: =((((((B6+C6)*30)/$E$50)+((D6+E6)/$E$51))+(G5*H5))-(F6*G5))/H5 -> 1.9778725 | H6: =H5-F6 -> 2235 | I6: 3 | L6: 20 | N6: =((((((I6+J6)*30)/$E$50)+((K6+L6)/$E$51))+(N5*O5))-(M6*N5))/(O6) -> 2.2858442 | O6: =O5-M6 -> 2232 | U6: =((((((P6+Q6)*30)/$E$50)+((R6+S6)/$E$51))+(U5*V5))-(T6*U5))/(V6) -> 2.4535619 | V6: =V5-T6 -> 2228 | AB6: =((((((W6+X6)*30)/$E$50)+((Y6+Z6)/$E$51))+(AB5*AC5))-(AA6*AB5))/(AC6) -> 2.4535619 | AC6: =AC5-AA6 -> 2228 | AI6: =((((((AD6+AE6)*30)/$E$50)+((AF6+AG6)/$E$51))+(AI5*AJ5))-(AH6*AI5))/(AJ6) -> 2.4535619 | AJ6: =AJ5-AH6 -> 2228 | AP6: =((((((AK6+AL6)*30)/$E$50)+((AM6+AN6)/$E$51))+(AP5*AQ5))-(AO6*AP5))/(AQ6) -> 2.4535619 | AQ6: =AQ5-AO6 -> 2228 | AW6: =((((((AR6+AS6)*30)/$E$50)+((AT6+AU6)/$E$51))+(AW5*AX5))-(AV6*AW5))/(AX6) -> 2.4535619 | AX6: =AX5-AV6 -> 2228 | BD6: =((((((AY6+AZ6)*30)/$E$50)+((BA6+BB6)/$E$51))+(BD5*BE5))-(BC6*BD5))/(BE6) -> 2.4535619 | BE6: =BE5-BC6 -> 2228 | BK6: =((((((BF6+BG6)*30)/$E$50)+((BH6+BI6)/$E$51))+(BK5*BL5))-(BJ6*BK5))/(BL6) -> 2.4535619 | BL6: =BL5-BJ6 -> 2228 | BR6: =((((((BM6+BN6)*30)/$E$50)+((BO6+BP6)/$E$51))+(BR5*BS5))-(BQ6*BR5))/(BS6) -> 2.4535619 | BS6: =BS5-BQ6 -> 2228 | BY6: =((((((BT6+BU6)*30)/$E$50)+((BV6+BW6)/$E$51))+(BY5*BZ5))-(BX6*BY5))/(BZ6) -> 2.4535619 | BZ6: =BZ5-BX6 -> 2228 | CF6: =((((((CA6+CB6)*30)/$E$50)+((CC6+CD6)/$E$51))+(CF5*CG5))-(CE6*CF5))/(CG6) -> 2.4535619 | CG6: =CG5-CE6 -> 2228 | CM6: =((((((CH6+CI6)*30)/$E$50)+((CJ6+CK6)/$E$51))+(CM5*CN5))-(CL6*CM5))/(CN6) -> 2.4535619 | CN6: =CN5-CL6 -> 2228 | CT6: =((((((CO6+CP6)*30)/$E$50)+((CQ6+CR6)/$E$51))+(CT5*CU5))-(CS6*CT5))/(CU6) -> 2.4535619 | CU6: =CU5-CS6 -> 2228 | DA6: =((((((CV6+CW6)*30)/$E$50)+((CX6+CY6)/$E$51))+(DA5*DB5))-(CZ6*DA5))/(DB6) -> 2.4535619 | DB6: =DB5-CZ6 -> 2228 | DH6: =((((((DC6+DD6)*30)/$E$50)+((DE6+DF6)/$E$51))+(DH5*DI5))-(DG6*DH5))/(DI6) -> 2.4535619 | DI6: =DI5-DG6 -> 2228 | DO6: =((((((DJ6+DK6)*30)/$E$50)+((DL6+DM6)/$E$51))+(DO5*DP5))-(DN6*DO5))/(DP6) -> 2.4535619 | DP6: =DP5-DN6 -> 2228 | DV6: =((((((DQ6+DR6)*30)/$E$50)+((DS6+DT6)/$E$51))+(DV5*DW5))-(DU6*DV5))/(DW6) -> 2.4535619 | DW6: =DW5-DU6 -> 2228 | EC6: =((((((DX6+DY6)*30)/$E$50)+((DZ6+EA6)/$E$51))+(EC5*ED5))-(EB6*EC5))/(ED6) -> 2.4535619 | ED6: =ED5-EB6 -> 2228 | EJ6: =((((((EE6+EF6)*30)/$E$50)+((EG6+EH6)/$E$51))+(EJ5*EK5))-(EI6*EJ5))/(EK6) -> 2.4535619 | EK6: =EK5-EI6 -> 2228
A7: 4 | G7: =((((((B7+C7)*30)/$E$50)+((D7+E7)/$E$51))+(G6*H6))-(F7*G6))/(H7) -> 1.9778725 | H7: =H6-F7 -> 2235 | I7: 4 | L7: 20 | N7: =((((((I7+J7)*30)/$E$50)+((K7+L7)/$E$51))+(N6*O6))-(M7*N6))/(O7) -> 2.298389 | O7: =O6-M7 -> 2232 | U7: =((((((P7+Q7)*30)/$E$50)+((R7+S7)/$E$51))+(U6*V6))-(T7*U6))/(V7) -> 2.4535619 | V7: =V6-T7 -> 2228 | AB7: =((((((W7+X7)*30)/$E$50)+((Y7+Z7)/$E$51))+(AB6*AC6))-(AA7*AB6))/(AC7) -> 2.4535619 | AC7: =AC6-AA7 -> 2228 | AI7: =((((((AD7+AE7)*30)/$E$50)+((AF7+AG7)/$E$51))+(AI6*AJ6))-(AH7*AI6))/(AJ7) -> 2.4535619 | AJ7: =AJ6-AH7 -> 2228 | AP7: =((((((AK7+AL7)*30)/$E$50)+((AM7+AN7)/$E$51))+(AP6*AQ6))-(AO7*AP6))/(AQ7) -> 2.4535619 | AQ7: =AQ6-AO7 -> 2228 | AW7: =((((((AR7+AS7)*30)/$E$50)+((AT7+AU7)/$E$51))+(AW6*AX6))-(AV7*AW6))/(AX7) -> 2.4535619 | AX7: =AX6-AV7 -> 2228 | BD7: =((((((AY7+AZ7)*30)/$E$50)+((BA7+BB7)/$E$51))+(BD6*BE6))-(BC7*BD6))/(BE7) -> 2.4535619 | BE7: =BE6-BC7 -> 2228 | BK7: =((((((BF7+BG7)*30)/$E$50)+((BH7+BI7)/$E$51))+(BK6*BL6))-(BJ7*BK6))/(BL7) -> 2.4535619 | BL7: =BL6-BJ7 -> 2228 | BR7: =((((((BM7+BN7)*30)/$E$50)+((BO7+BP7)/$E$51))+(BR6*BS6))-(BQ7*BR6))/(BS7) -> 2.4535619 | BS7: =BS6-BQ7 -> 2228 | BY7: =((((((BT7+BU7)*30)/$E$50)+((BV7+BW7)/$E$51))+(BY6*BZ6))-(BX7*BY6))/(BZ7) -> 2.4535619 | BZ7: =BZ6-BX7 -> 2228 | CF7: =((((((CA7+CB7)*30)/$E$50)+((CC7+CD7)/$E$51))+(CF6*CG6))-(CE7*CF6))/(CG7) -> 2.4535619 | CG7: =CG6-CE7 -> 2228 | CM7: =((((((CH7+CI7)*30)/$E$50)+((CJ7+CK7)/$E$51))+(CM6*CN6))-(CL7*CM6))/(CN7) -> 2.4535619 | CN7: =CN6-CL7 -> 2228 | CT7: =((((((CO7+CP7)*30)/$E$50)+((CQ7+CR7)/$E$51))+(CT6*CU6))-(CS7*CT6))/(CU7) -> 2.4535619 | CU7: =CU6-CS7 -> 2228 | DA7: =((((((CV7+CW7)*30)/$E$50)+((CX7+CY7)/$E$51))+(DA6*DB6))-(CZ7*DA6))/(DB7) -> 2.4535619 | DB7: =DB6-CZ7 -> 2228 | DH7: =((((((DC7+DD7)*30)/$E$50)+((DE7+DF7)/$E$51))+(DH6*DI6))-(DG7*DH6))/(DI7) -> 2.4535619 | DI7: =DI6-DG7 -> 2228 | DO7: =((((((DJ7+DK7)*30)/$E$50)+((DL7+DM7)/$E$51))+(DO6*DP6))-(DN7*DO6))/(DP7) -> 2.4535619 | DP7: =DP6-DN7 -> 2228 | DV7: =((((((DQ7+DR7)*30)/$E$50)+((DS7+DT7)/$E$51))+(DV6*DW6))-(DU7*DV6))/(DW7) -> 2.4535619 | DW7: =DW6-DU7 -> 2228 | EC7: =((((((DX7+DY7)*30)/$E$50)+((DZ7+EA7)/$E$51))+(EC6*ED6))-(EB7*EC6))/(ED7) -> 2.4535619 | ED7: =ED6-EB7 -> 2228 | EJ7: =((((((EE7+EF7)*30)/$E$50)+((EG7+EH7)/$E$51))+(EJ6*EK6))-(EI7*EJ6))/(EK7) -> 2.4535619 | EK7: =EK6-EI7 -> 2228
A8: 5 | B8: 4 | E8: 40 | G8: =((((((B8+C8)*30)/$E$50)+((D8+E8)/$E$51))+(G7*H7))-(F8*G7))/(H8) -> 1.9939799 | H8: =H7-F8 -> 2235 | I8: 5 | L8: 20 | N8: =((((((I8+J8)*30)/$E$50)+((K8+L8)/$E$51))+(N7*O7))-(M8*N7))/(O8) -> 2.3131739 | O8: =O7-M8 -> 2232 | U8: =((((((P8+Q8)*30)/$E$50)+((R8+S8)/$E$51))+(U7*V7))-(T8*U7))/(V8) -> 2.4535619 | V8: =V7-T8 -> 2228 | AB8: =((((((W8+X8)*30)/$E$50)+((Y8+Z8)/$E$51))+(AB7*AC7))-(AA8*AB7))/(AC8) -> 2.4535619 | AC8: =AC7-AA8 -> 2228 | AI8: =((((((AD8+AE8)*30)/$E$50)+((AF8+AG8)/$E$51))+(AI7*AJ7))-(AH8*AI7))/(AJ8) -> 2.4535619 | AJ8: =AJ7-AH8 -> 2228 | AP8: =((((((AK8+AL8)*30)/$E$50)+((AM8+AN8)/$E$51))+(AP7*AQ7))-(AO8*AP7))/(AQ8) -> 2.4535619 | AQ8: =AQ7-AO8 -> 2228 | AW8: =((((((AR8+AS8)*30)/$E$50)+((AT8+AU8)/$E$51))+(AW7*AX7))-(AV8*AW7))/(AX8) -> 2.4535619 | AX8: =AX7-AV8 -> 2228 | BD8: =((((((AY8+AZ8)*30)/$E$50)+((BA8+BB8)/$E$51))+(BD7*BE7))-(BC8*BD7))/(BE8) -> 2.4535619 | BE8: =BE7-BC8 -> 2228 | BK8: =((((((BF8+BG8)*30)/$E$50)+((BH8+BI8)/$E$51))+(BK7*BL7))-(BJ8*BK7))/(BL8) -> 2.4535619 | BL8: =BL7-BJ8 -> 2228 | BR8: =((((((BM8+BN8)*30)/$E$50)+((BO8+BP8)/$E$51))+(BR7*BS7))-(BQ8*BR7))/(BS8) -> 2.4535619 | BS8: =BS7-BQ8 -> 2228 | BY8: =((((((BT8+BU8)*30)/$E$50)+((BV8+BW8)/$E$51))+(BY7*BZ7))-(BX8*BY7))/(BZ8) -> 2.4535619 | BZ8: =BZ7-BX8 -> 2228 | CF8: =((((((CA8+CB8)*30)/$E$50)+((CC8+CD8)/$E$51))+(CF7*CG7))-(CE8*CF7))/(CG8) -> 2.4535619 | CG8: =CG7-CE8 -> 2228 | CM8: =((((((CH8+CI8)*30)/$E$50)+((CJ8+CK8)/$E$51))+(CM7*CN7))-(CL8*CM7))/(CN8) -> 2.4535619 | CN8: =CN7-CL8 -> 2228 | CT8: =((((((CO8+CP8)*30)/$E$50)+((CQ8+CR8)/$E$51))+(CT7*CU7))-(CS8*CT7))/(CU8) -> 2.4535619 | CU8: =CU7-CS8 -> 2228 | DA8: =((((((CV8+CW8)*30)/$E$50)+((CX8+CY8)/$E$51))+(DA7*DB7))-(CZ8*DA7))/(DB8) -> 2.4535619 | DB8: =DB7-CZ8 -> 2228 | DH8: =((((((DC8+DD8)*30)/$E$50)+((DE8+DF8)/$E$51))+(DH7*DI7))-(DG8*DH7))/(DI8) -> 2.4535619 | DI8: =DI7-DG8 -> 2228 | DO8: =((((((DJ8+DK8)*30)/$E$50)+((DL8+DM8)/$E$51))+(DO7*DP7))-(DN8*DO7))/(DP8) -> 2.4535619 | DP8: =DP7-DN8 -> 2228 | DV8: =((((((DQ8+DR8)*30)/$E$50)+((DS8+DT8)/$E$51))+(DV7*DW7))-(DU8*DV7))/(DW8) -> 2.4535619 | DW8: =DW7-DU8 -> 2228 | EC8: =((((((DX8+DY8)*30)/$E$50)+((DZ8+EA8)/$E$51))+(EC7*ED7))-(EB8*EC7))/(ED8) -> 2.4535619 | ED8: =ED7-EB8 -> 2228 | EJ8: =((((((EE8+EF8)*30)/$E$50)+((EG8+EH8)/$E$51))+(EJ7*EK7))-(EI8*EJ7))/(EK8) -> 2.4535619 | EK8: =EK7-EI8 -> 2228
A9: 6 | E9: 40 | G9: =((((((B9+C9)*30)/$E$50)+((D9+E9)/$E$51))+(G8*H8))-(F9*G8))/(H9) -> 2.0011387 | H9: =H8-F9 -> 2235 | I9: 3 | N9: =((((((I9+J9)*30)/$E$50)+((K9+L9)/$E$51))+(N8*O8))-(M9*N8))/(O9) -> 2.3198944 | O9: =O8-M9 -> 2232 | U9: =((((((P9+Q9)*30)/$E$50)+((R9+S9)/$E$51))+(U8*V8))-(T9*U8))/(V9) -> 2.4535619 | V9: =V8-T9 -> 2228 | AB9: =((((((W9+X9)*30)/$E$50)+((Y9+Z9)/$E$51))+(AB8*AC8))-(AA9*AB8))/(AC9) -> 2.4535619 | AC9: =AC8-AA9 -> 2228 | AI9: =((((((AD9+AE9)*30)/$E$50)+((AF9+AG9)/$E$51))+(AI8*AJ8))-(AH9*AI8))/(AJ9) -> 2.4535619 | AJ9: =AJ8-AH9 -> 2228 | AP9: =((((((AK9+AL9)*30)/$E$50)+((AM9+AN9)/$E$51))+(AP8*AQ8))-(AO9*AP8))/(AQ9) -> 2.4535619 | AQ9: =AQ8-AO9 -> 2228 | AW9: =((((((AR9+AS9)*30)/$E$50)+((AT9+AU9)/$E$51))+(AW8*AX8))-(AV9*AW8))/(AX9) -> 2.4535619 | AX9: =AX8-AV9 -> 2228 | BD9: =((((((AY9+AZ9)*30)/$E$50)+((BA9+BB9)/$E$51))+(BD8*BE8))-(BC9*BD8))/(BE9) -> 2.4535619 | BE9: =BE8-BC9 -> 2228 | BK9: =((((((BF9+BG9)*30)/$E$50)+((BH9+BI9)/$E$51))+(BK8*BL8))-(BJ9*BK8))/(BL9) -> 2.4535619 | BL9: =BL8-BJ9 -> 2228 | BR9: =((((((BM9+BN9)*30)/$E$50)+((BO9+BP9)/$E$51))+(BR8*BS8))-(BQ9*BR8))/(BS9) -> 2.4535619 | BS9: =BS8-BQ9 -> 2228 | BY9: =((((((BT9+BU9)*30)/$E$50)+((BV9+BW9)/$E$51))+(BY8*BZ8))-(BX9*BY8))/(BZ9) -> 2.4535619 | BZ9: =BZ8-BX9 -> 2228 | CF9: =((((((CA9+CB9)*30)/$E$50)+((CC9+CD9)/$E$51))+(CF8*CG8))-(CE9*CF8))/(CG9) -> 2.4535619 | CG9: =CG8-CE9 -> 2228 | CM9: =((((((CH9+CI9)*30)/$E$50)+((CJ9+CK9)/$E$51))+(CM8*CN8))-(CL9*CM8))/(CN9) -> 2.4535619 | CN9: =CN8-CL9 -> 2228 | CT9: =((((((CO9+CP9)*30)/$E$50)+((CQ9+CR9)/$E$51))+(CT8*CU8))-(CS9*CT8))/(CU9) -> 2.4535619 | CU9: =CU8-CS9 -> 2228 | DA9: =((((((CV9+CW9)*30)/$E$50)+((CX9+CY9)/$E$51))+(DA8*DB8))-(CZ9*DA8))/(DB9) -> 2.4535619 | DB9: =DB8-CZ9 -> 2228 | DH9: =((((((DC9+DD9)*30)/$E$50)+((DE9+DF9)/$E$51))+(DH8*DI8))-(DG9*DH8))/(DI9) -> 2.4535619 | DI9: =DI8-DG9 -> 2228 | DO9: =((((((DJ9+DK9)*30)/$E$50)+((DL9+DM9)/$E$51))+(DO8*DP8))-(DN9*DO8))/(DP9) -> 2.4535619 | DP9: =DP8-DN9 -> 2228 | DV9: =((((((DQ9+DR9)*30)/$E$50)+((DS9+DT9)/$E$51))+(DV8*DW8))-(DU9*DV8))/(DW9) -> 2.4535619 | DW9: =DW8-DU9 -> 2228 | EC9: =((((((DX9+DY9)*30)/$E$50)+((DZ9+EA9)/$E$51))+(EC8*ED8))-(EB9*EC8))/(ED9) -> 2.4535619 | ED9: =ED8-EB9 -> 2228 | EJ9: =((((((EE9+EF9)*30)/$E$50)+((EG9+EH9)/$E$51))+(EJ8*EK8))-(EI9*EJ8))/(EK9) -> 2.4535619 | EK9: =EK8-EI9 -> 2228
A10: 7 | E10: 40 | G10: =((((((B10+C10)*30)/$E$50)+((D10+E10)/$E$51))+(G9*H9))-(F10*G9))/(H10) -> 2.0082975 | H10: =H9-F10 -> 2235 | I10: 3 | N10: =((((((I10+J10)*30)/$E$50)+((K10+L10)/$E$51))+(N9*O9))-(M10*N9))/(O10) -> 2.3266148 | O10: =O9-M10 -> 2232 | U10: =((((((P10+Q10)*30)/$E$50)+((R10+S10)/$E$51))+(U9*V9))-(T10*U9))/(V10) -> 2.4535619 | V10: =V9-T10 -> 2228 | AB10: =((((((W10+X10)*30)/$E$50)+((Y10+Z10)/$E$51))+(AB9*AC9))-(AA10*AB9))/(AC10) -> 2.4535619 | AC10: =AC9-AA10 -> 2228 | AI10: =((((((AD10+AE10)*30)/$E$50)+((AF10+AG10)/$E$51))+(AI9*AJ9))-(AH10*AI9))/(AJ10) -> 2.4535619 | AJ10: =AJ9-AH10 -> 2228 | AP10: =((((((AK10+AL10)*30)/$E$50)+((AM10+AN10)/$E$51))+(AP9*AQ9))-(AO10*AP9))/(AQ10) -> 2.4535619 | AQ10: =AQ9-AO10 -> 2228 | AW10: =((((((AR10+AS10)*30)/$E$50)+((AT10+AU10)/$E$51))+(AW9*AX9))-(AV10*AW9))/(AX10) -> 2.4535619 | AX10: =AX9-AV10 -> 2228 | BD10: =((((((AY10+AZ10)*30)/$E$50)+((BA10+BB10)/$E$51))+(BD9*BE9))-(BC10*BD9))/(BE10) -> 2.4535619 | BE10: =BE9-BC10 -> 2228 | BK10: =((((((BF10+BG10)*30)/$E$50)+((BH10+BI10)/$E$51))+(BK9*BL9))-(BJ10*BK9))/(BL10) -> 2.4535619 | BL10: =BL9-BJ10 -> 2228 | BR10: =((((((BM10+BN10)*30)/$E$50)+((BO10+BP10)/$E$51))+(BR9*BS9))-(BQ10*BR9))/(BS10) -> 2.4535619 | BS10: =BS9-BQ10 -> 2228 | BY10: =((((((BT10+BU10)*30)/$E$50)+((BV10+BW10)/$E$51))+(BY9*BZ9))-(BX10*BY9))/(BZ10) -> 2.4535619 | BZ10: =BZ9-BX10 -> 2228 | CF10: =((((((CA10+CB10)*30)/$E$50)+((CC10+CD10)/$E$51))+(CF9*CG9))-(CE10*CF9))/(CG10) -> 2.4535619 | CG10: =CG9-CE10 -> 2228 | CM10: =((((((CH10+CI10)*30)/$E$50)+((CJ10+CK10)/$E$51))+(CM9*CN9))-(CL10*CM9))/(CN10) -> 2.4535619 | CN10: =CN9-CL10 -> 2228 | CT10: =((((((CO10+CP10)*30)/$E$50)+((CQ10+CR10)/$E$51))+(CT9*CU9))-(CS10*CT9))/(CU10) -> 2.4535619 | CU10: =CU9-CS10 -> 2228 | DA10: =((((((CV10+CW10)*30)/$E$50)+((CX10+CY10)/$E$51))+(DA9*DB9))-(CZ10*DA9))/(DB10) -> 2.4535619 | DB10: =DB9-CZ10 -> 2228 | DH10: =((((((DC10+DD10)*30)/$E$50)+((DE10+DF10)/$E$51))+(DH9*DI9))-(DG10*DH9))/(DI10) -> 2.4535619 | DI10: =DI9-DG10 -> 2228 | DO10: =((((((DJ10+DK10)*30)/$E$50)+((DL10+DM10)/$E$51))+(DO9*DP9))-(DN10*DO9))/(DP10) -> 2.4535619 | DP10: =DP9-DN10 -> 2228 | DV10: =((((((DQ10+DR10)*30)/$E$50)+((DS10+DT10)/$E$51))+(DV9*DW9))-(DU10*DV9))/(DW10) -> 2.4535619 | DW10: =DW9-DU10 -> 2228 | EC10: =((((((DX10+DY10)*30)/$E$50)+((DZ10+EA10)/$E$51))+(EC9*ED9))-(EB10*EC9))/(ED10) -> 2.4535619 | ED10: =ED9-EB10 -> 2228 | EJ10: =((((((EE10+EF10)*30)/$E$50)+((EG10+EH10)/$E$51))+(EJ9*EK9))-(EI10*EJ9))/(EK10) -> 2.4535619 | EK10: =EK9-EI10 -> 2228
A11: 8 | B11: 4 | E11: 40 | G11: =((((((B11+C11)*30)/$E$50)+((D11+E11)/$E$51))+(G10*H10))-(F11*G10))/(H11) -> 2.0244049 | H11: =H10-F11 -> 2235 | I11: 3 | N11: =((((((I11+J11)*30)/$E$50)+((K11+L11)/$E$51))+(N10*O10))-(M11*N10))/(O11) -> 2.3333352 | O11: =O10-M11 -> 2232 | U11: =((((((P11+Q11)*30)/$E$50)+((R11+S11)/$E$51))+(U10*V10))-(T11*U10))/(V11) -> 2.4535619 | V11: =V10-T11 -> 2228 | AB11: =((((((W11+X11)*30)/$E$50)+((Y11+Z11)/$E$51))+(AB10*AC10))-(AA11*AB10))/(AC11) -> 2.4535619 | AC11: =AC10-AA11 -> 2228 | AI11: =((((((AD11+AE11)*30)/$E$50)+((AF11+AG11)/$E$51))+(AI10*AJ10))-(AH11*AI10))/(AJ11) -> 2.4535619 | AJ11: =AJ10-AH11 -> 2228 | AP11: =((((((AK11+AL11)*30)/$E$50)+((AM11+AN11)/$E$51))+(AP10*AQ10))-(AO11*AP10))/(AQ11) -> 2.4535619 | AQ11: =AQ10-AO11 -> 2228 | AW11: =((((((AR11+AS11)*30)/$E$50)+((AT11+AU11)/$E$51))+(AW10*AX10))-(AV11*AW10))/(AX11) -> 2.4535619 | AX11: =AX10-AV11 -> 2228 | BD11: =((((((AY11+AZ11)*30)/$E$50)+((BA11+BB11)/$E$51))+(BD10*BE10))-(BC11*BD10))/(BE11) -> 2.4535619 | BE11: =BE10-BC11 -> 2228 | BK11: =((((((BF11+BG11)*30)/$E$50)+((BH11+BI11)/$E$51))+(BK10*BL10))-(BJ11*BK10))/(BL11) -> 2.4535619 | BL11: =BL10-BJ11 -> 2228 | BR11: =((((((BM11+BN11)*30)/$E$50)+((BO11+BP11)/$E$51))+(BR10*BS10))-(BQ11*BR10))/(BS11) -> 2.4535619 | BS11: =BS10-BQ11 -> 2228 | BY11: =((((((BT11+BU11)*30)/$E$50)+((BV11+BW11)/$E$51))+(BY10*BZ10))-(BX11*BY10))/(BZ11) -> 2.4535619 | BZ11: =BZ10-BX11 -> 2228 | CF11: =((((((CA11+CB11)*30)/$E$50)+((CC11+CD11)/$E$51))+(CF10*CG10))-(CE11*CF10))/(CG11) -> 2.4535619 | CG11: =CG10-CE11 -> 2228 | CM11: =((((((CH11+CI11)*30)/$E$50)+((CJ11+CK11)/$E$51))+(CM10*CN10))-(CL11*CM10))/(CN11) -> 2.4535619 | CN11: =CN10-CL11 -> 2228 | CT11: =((((((CO11+CP11)*30)/$E$50)+((CQ11+CR11)/$E$51))+(CT10*CU10))-(CS11*CT10))/(CU11) -> 2.4535619 | CU11: =CU10-CS11 -> 2228 | DA11: =((((((CV11+CW11)*30)/$E$50)+((CX11+CY11)/$E$51))+(DA10*DB10))-(CZ11*DA10))/(DB11) -> 2.4535619 | DB11: =DB10-CZ11 -> 2228 | DH11: =((((((DC11+DD11)*30)/$E$50)+((DE11+DF11)/$E$51))+(DH10*DI10))-(DG11*DH10))/(DI11) -> 2.4535619 | DI11: =DI10-DG11 -> 2228 | DO11: =((((((DJ11+DK11)*30)/$E$50)+((DL11+DM11)/$E$51))+(DO10*DP10))-(DN11*DO10))/(DP11) -> 2.4535619 | DP11: =DP10-DN11 -> 2228 | DV11: =((((((DQ11+DR11)*30)/$E$50)+((DS11+DT11)/$E$51))+(DV10*DW10))-(DU11*DV10))/(DW11) -> 2.4535619 | DW11: =DW10-DU11 -> 2228 | EC11: =((((((DX11+DY11)*30)/$E$50)+((DZ11+EA11)/$E$51))+(EC10*ED10))-(EB11*EC10))/(ED11) -> 2.4535619 | ED11: =ED10-EB11 -> 2228 | EJ11: =((((((EE11+EF11)*30)/$E$50)+((EG11+EH11)/$E$51))+(EJ10*EK10))-(EI11*EJ10))/(EK11) -> 2.4535619 | EK11: =EK10-EI11 -> 2228
A12: 9 | E12: 30 | G12: =((((((B12+C12)*30)/$E$50)+((D12+E12)/$E$51))+(G11*H11))-(F12*G11))/(H12) -> 2.029774 | H12: =H11-F12 -> 2235 | I12: 3 | L12: 20 | N12: =((((((I12+J12)*30)/$E$50)+((K12+L12)/$E$51))+(N11*O11))-(M12*N11))/(O12) -> 2.3436399 | O12: =O11-M12 -> 2232 | U12: =((((((P12+Q12)*30)/$E$50)+((R12+S12)/$E$51))+(U11*V11))-(T12*U11))/(V12) -> 2.4535619 | V12: =V11-T12 -> 2228 | AB12: =((((((W12+X12)*30)/$E$50)+((Y12+Z12)/$E$51))+(AB11*AC11))-(AA12*AB11))/(AC12) -> 2.4535619 | AC12: =AC11-AA12 -> 2228 | AI12: =((((((AD12+AE12)*30)/$E$50)+((AF12+AG12)/$E$51))+(AI11*AJ11))-(AH12*AI11))/(AJ12) -> 2.4535619 | AJ12: =AJ11-AH12 -> 2228 | AP12: =((((((AK12+AL12)*30)/$E$50)+((AM12+AN12)/$E$51))+(AP11*AQ11))-(AO12*AP11))/(AQ12) -> 2.4535619 | AQ12: =AQ11-AO12 -> 2228 | AW12: =((((((AR12+AS12)*30)/$E$50)+((AT12+AU12)/$E$51))+(AW11*AX11))-(AV12*AW11))/(AX12) -> 2.4535619 | AX12: =AX11-AV12 -> 2228 | BD12: =((((((AY12+AZ12)*30)/$E$50)+((BA12+BB12)/$E$51))+(BD11*BE11))-(BC12*BD11))/(BE12) -> 2.4535619 | BE12: =BE11-BC12 -> 2228 | BK12: =((((((BF12+BG12)*30)/$E$50)+((BH12+BI12)/$E$51))+(BK11*BL11))-(BJ12*BK11))/(BL12) -> 2.4535619 | BL12: =BL11-BJ12 -> 2228 | BR12: =((((((BM12+BN12)*30)/$E$50)+((BO12+BP12)/$E$51))+(BR11*BS11))-(BQ12*BR11))/(BS12) -> 2.4535619 | BS12: =BS11-BQ12 -> 2228 | BY12: =((((((BT12+BU12)*30)/$E$50)+((BV12+BW12)/$E$51))+(BY11*BZ11))-(BX12*BY11))/(BZ12) -> 2.4535619 | BZ12: =BZ11-BX12 -> 2228 | CF12: =((((((CA12+CB12)*30)/$E$50)+((CC12+CD12)/$E$51))+(CF11*CG11))-(CE12*CF11))/(CG12) -> 2.4535619 | CG12: =CG11-CE12 -> 2228 | CM12: =((((((CH12+CI12)*30)/$E$50)+((CJ12+CK12)/$E$51))+(CM11*CN11))-(CL12*CM11))/(CN12) -> 2.4535619 | CN12: =CN11-CL12 -> 2228 | CT12: =((((((CO12+CP12)*30)/$E$50)+((CQ12+CR12)/$E$51))+(CT11*CU11))-(CS12*CT11))/(CU12) -> 2.4535619 | CU12: =CU11-CS12 -> 2228 | DA12: =((((((CV12+CW12)*30)/$E$50)+((CX12+CY12)/$E$51))+(DA11*DB11))-(CZ12*DA11))/(DB12) -> 2.4535619 | DB12: =DB11-CZ12 -> 2228 | DH12: =((((((DC12+DD12)*30)/$E$50)+((DE12+DF12)/$E$51))+(DH11*DI11))-(DG12*DH11))/(DI12) -> 2.4535619 | DI12: =DI11-DG12 -> 2228 | DO12: =((((((DJ12+DK12)*30)/$E$50)+((DL12+DM12)/$E$51))+(DO11*DP11))-(DN12*DO11))/(DP12) -> 2.4535619 | DP12: =DP11-DN12 -> 2228 | DV12: =((((((DQ12+DR12)*30)/$E$50)+((DS12+DT12)/$E$51))+(DV11*DW11))-(DU12*DV11))/(DW12) -> 2.4535619 | DW12: =DW11-DU12 -> 2228 | EC12: =((((((DX12+DY12)*30)/$E$50)+((DZ12+EA12)/$E$51))+(EC11*ED11))-(EB12*EC11))/(ED12) -> 2.4535619 | ED12: =ED11-EB12 -> 2228 | EJ12: =((((((EE12+EF12)*30)/$E$50)+((EG12+EH12)/$E$51))+(EJ11*EK11))-(EI12*EJ11))/(EK12) -> 2.4535619 | EK12: =EK11-EI12 -> 2228
A13: 10 | B13: 3 | E13: 20 | G13: =((((((B13+C13)*30)/$E$50)+((D13+E13)/$E$51))+(G12*H12))-(F13*G12))/(H13) -> 2.0400649 | H13: =H12-F13 -> 2235 | I13: 5 | L13: 20 | N13: =((((((I13+J13)*30)/$E$50)+((K13+L13)/$E$51))+(N12*O12))-(M13*N12))/(O13) -> 2.3584248 | O13: =O12-M13 -> 2232 | U13: =((((((P13+Q13)*30)/$E$50)+((R13+S13)/$E$51))+(U12*V12))-(T13*U12))/(V13) -> 2.4535619 | V13: =V12-T13 -> 2228 | AB13: =((((((W13+X13)*30)/$E$50)+((Y13+Z13)/$E$51))+(AB12*AC12))-(AA13*AB12))/(AC13) -> 2.4535619 | AC13: =AC12-AA13 -> 2228 | AI13: =((((((AD13+AE13)*30)/$E$50)+((AF13+AG13)/$E$51))+(AI12*AJ12))-(AH13*AI12))/(AJ13) -> 2.4535619 | AJ13: =AJ12-AH13 -> 2228 | AP13: =((((((AK13+AL13)*30)/$E$50)+((AM13+AN13)/$E$51))+(AP12*AQ12))-(AO13*AP12))/(AQ13) -> 2.4535619 | AQ13: =AQ12-AO13 -> 2228 | AW13: =((((((AR13+AS13)*30)/$E$50)+((AT13+AU13)/$E$51))+(AW12*AX12))-(AV13*AW12))/(AX13) -> 2.4535619 | AX13: =AX12-AV13 -> 2228 | BD13: =((((((AY13+AZ13)*30)/$E$50)+((BA13+BB13)/$E$51))+(BD12*BE12))-(BC13*BD12))/(BE13) -> 2.4535619 | BE13: =BE12-BC13 -> 2228 | BK13: =((((((BF13+BG13)*30)/$E$50)+((BH13+BI13)/$E$51))+(BK12*BL12))-(BJ13*BK12))/(BL13) -> 2.4535619 | BL13: =BL12-BJ13 -> 2228 | BR13: =((((((BM13+BN13)*30)/$E$50)+((BO13+BP13)/$E$51))+(BR12*BS12))-(BQ13*BR12))/(BS13) -> 2.4535619 | BS13: =BS12-BQ13 -> 2228 | BY13: =((((((BT13+BU13)*30)/$E$50)+((BV13+BW13)/$E$51))+(BY12*BZ12))-(BX13*BY12))/(BZ13) -> 2.4535619 | BZ13: =BZ12-BX13 -> 2228 | CF13: =((((((CA13+CB13)*30)/$E$50)+((CC13+CD13)/$E$51))+(CF12*CG12))-(CE13*CF12))/(CG13) -> 2.4535619 | CG13: =CG12-CE13 -> 2228 | CM13: =((((((CH13+CI13)*30)/$E$50)+((CJ13+CK13)/$E$51))+(CM12*CN12))-(CL13*CM12))/(CN13) -> 2.4535619 | CN13: =CN12-CL13 -> 2228 | CT13: =((((((CO13+CP13)*30)/$E$50)+((CQ13+CR13)/$E$51))+(CT12*CU12))-(CS13*CT12))/(CU13) -> 2.4535619 | CU13: =CU12-CS13 -> 2228 | DA13: =((((((CV13+CW13)*30)/$E$50)+((CX13+CY13)/$E$51))+(DA12*DB12))-(CZ13*DA12))/(DB13) -> 2.4535619 | DB13: =DB12-CZ13 -> 2228 | DH13: =((((((DC13+DD13)*30)/$E$50)+((DE13+DF13)/$E$51))+(DH12*DI12))-(DG13*DH12))/(DI13) -> 2.4535619 | DI13: =DI12-DG13 -> 2228 | DO13: =((((((DJ13+DK13)*30)/$E$50)+((DL13+DM13)/$E$51))+(DO12*DP12))-(DN13*DO12))/(DP13) -> 2.4535619 | DP13: =DP12-DN13 -> 2228 | DV13: =((((((DQ13+DR13)*30)/$E$50)+((DS13+DT13)/$E$51))+(DV12*DW12))-(DU13*DV12))/(DW13) -> 2.4535619 | DW13: =DW12-DU13 -> 2228 | EC13: =((((((DX13+DY13)*30)/$E$50)+((DZ13+EA13)/$E$51))+(EC12*ED12))-(EB13*EC12))/(ED13) -> 2.4535619 | ED13: =ED12-EB13 -> 2228 | EJ13: =((((((EE13+EF13)*30)/$E$50)+((EG13+EH13)/$E$51))+(EJ12*EK12))-(EI13*EJ12))/(EK13) -> 2.4535619 | EK13: =EK12-EI13 -> 2228
A14: 11 | D14: 20 | G14: =((((((B14+C14)*30)/$E$50)+((D14+E14)/$E$51))+(G13*H13))-(F14*G13))/(H14) -> 2.0436443 | H14: =H13-F14 -> 2235 | I14: 3 | L14: 30 | M14: 2 | N14: =((((((I14+J14)*30)/$E$50)+((K14+L14)/$E$51))+(N13*O13))-(M14*N13))/(O14) -> 2.3705324 | O14: =O13-M14 -> 2230 | U14: =((((((P14+Q14)*30)/$E$50)+((R14+S14)/$E$51))+(U13*V13))-(T14*U13))/(V14) -> 2.4535619 | V14: =V13-T14 -> 2228 | AB14: =((((((W14+X14)*30)/$E$50)+((Y14+Z14)/$E$51))+(AB13*AC13))-(AA14*AB13))/(AC14) -> 2.4535619 | AC14: =AC13-AA14 -> 2228 | AI14: =((((((AD14+AE14)*30)/$E$50)+((AF14+AG14)/$E$51))+(AI13*AJ13))-(AH14*AI13))/(AJ14) -> 2.4535619 | AJ14: =AJ13-AH14 -> 2228 | AP14: =((((((AK14+AL14)*30)/$E$50)+((AM14+AN14)/$E$51))+(AP13*AQ13))-(AO14*AP13))/(AQ14) -> 2.4535619 | AQ14: =AQ13-AO14 -> 2228 | AW14: =((((((AR14+AS14)*30)/$E$50)+((AT14+AU14)/$E$51))+(AW13*AX13))-(AV14*AW13))/(AX14) -> 2.4535619 | AX14: =AX13-AV14 -> 2228 | BD14: =((((((AY14+AZ14)*30)/$E$50)+((BA14+BB14)/$E$51))+(BD13*BE13))-(BC14*BD13))/(BE14) -> 2.4535619 | BE14: =BE13-BC14 -> 2228 | BK14: =((((((BF14+BG14)*30)/$E$50)+((BH14+BI14)/$E$51))+(BK13*BL13))-(BJ14*BK13))/(BL14) -> 2.4535619 | BL14: =BL13-BJ14 -> 2228 | BR14: =((((((BM14+BN14)*30)/$E$50)+((BO14+BP14)/$E$51))+(BR13*BS13))-(BQ14*BR13))/(BS14) -> 2.4535619 | BS14: =BS13-BQ14 -> 2228 | BY14: =((((((BT14+BU14)*30)/$E$50)+((BV14+BW14)/$E$51))+(BY13*BZ13))-(BX14*BY13))/(BZ14) -> 2.4535619 | BZ14: =BZ13-BX14 -> 2228 | CF14: =((((((CA14+CB14)*30)/$E$50)+((CC14+CD14)/$E$51))+(CF13*CG13))-(CE14*CF13))/(CG14) -> 2.4535619 | CG14: =CG13-CE14 -> 2228 | CM14: =((((((CH14+CI14)*30)/$E$50)+((CJ14+CK14)/$E$51))+(CM13*CN13))-(CL14*CM13))/(CN14) -> 2.4535619 | CN14: =CN13-CL14 -> 2228 | CT14: =((((((CO14+CP14)*30)/$E$50)+((CQ14+CR14)/$E$51))+(CT13*CU13))-(CS14*CT13))/(CU14) -> 2.4535619 | CU14: =CU13-CS14 -> 2228 | DA14: =((((((CV14+CW14)*30)/$E$50)+((CX14+CY14)/$E$51))+(DA13*DB13))-(CZ14*DA13))/(DB14) -> 2.4535619 | DB14: =DB13-CZ14 -> 2228 | DH14: =((((((DC14+DD14)*30)/$E$50)+((DE14+DF14)/$E$51))+(DH13*DI13))-(DG14*DH13))/(DI14) -> 2.4535619 | DI14: =DI13-DG14 -> 2228 | DO14: =((((((DJ14+DK14)*30)/$E$50)+((DL14+DM14)/$E$51))+(DO13*DP13))-(DN14*DO13))/(DP14) -> 2.4535619 | DP14: =DP13-DN14 -> 2228 | DV14: =((((((DQ14+DR14)*30)/$E$50)+((DS14+DT14)/$E$51))+(DV13*DW13))-(DU14*DV13))/(DW14) -> 2.4535619 | DW14: =DW13-DU14 -> 2228 | EC14: =((((((DX14+DY14)*30)/$E$50)+((DZ14+EA14)/$E$51))+(EC13*ED13))-(EB14*EC13))/(ED14) -> 2.4535619 | ED14: =ED13-EB14 -> 2228 | EJ14: =((((((EE14+EF14)*30)/$E$50)+((EG14+EH14)/$E$51))+(EJ13*EK13))-(EI14*EJ13))/(EK14) -> 2.4535619 | EK14: =EK13-EI14 -> 2228
A15: 12 | B15: 4 | E15: 40 | G15: =((((((B15+C15)*30)/$E$50)+((D15+E15)/$E$51))+(G14*H14))-(F15*G14))/(H15) -> 2.0597517 | H15: =H14-F15 -> 2235 | I15: 3 | L15: 20 | M15: 1 | N15: =((((((I15+J15)*30)/$E$50)+((K15+L15)/$E$51))+(N14*O14))-(M15*N14))/(O15) -> 2.380851 | O15: =O14-M15 -> 2229 | U15: =((((((P15+Q15)*30)/$E$50)+((R15+S15)/$E$51))+(U14*V14))-(T15*U14))/(V15) -> 2.4535619 | V15: =V14-T15 -> 2228 | AB15: =((((((W15+X15)*30)/$E$50)+((Y15+Z15)/$E$51))+(AB14*AC14))-(AA15*AB14))/(AC15) -> 2.4535619 | AC15: =AC14-AA15 -> 2228 | AI15: =((((((AD15+AE15)*30)/$E$50)+((AF15+AG15)/$E$51))+(AI14*AJ14))-(AH15*AI14))/(AJ15) -> 2.4535619 | AJ15: =AJ14-AH15 -> 2228 | AP15: =((((((AK15+AL15)*30)/$E$50)+((AM15+AN15)/$E$51))+(AP14*AQ14))-(AO15*AP14))/(AQ15) -> 2.4535619 | AQ15: =AQ14-AO15 -> 2228 | AW15: =((((((AR15+AS15)*30)/$E$50)+((AT15+AU15)/$E$51))+(AW14*AX14))-(AV15*AW14))/(AX15) -> 2.4535619 | AX15: =AX14-AV15 -> 2228 | BD15: =((((((AY15+AZ15)*30)/$E$50)+((BA15+BB15)/$E$51))+(BD14*BE14))-(BC15*BD14))/(BE15) -> 2.4535619 | BE15: =BE14-BC15 -> 2228 | BK15: =((((((BF15+BG15)*30)/$E$50)+((BH15+BI15)/$E$51))+(BK14*BL14))-(BJ15*BK14))/(BL15) -> 2.4535619 | BL15: =BL14-BJ15 -> 2228 | BR15: =((((((BM15+BN15)*30)/$E$50)+((BO15+BP15)/$E$51))+(BR14*BS14))-(BQ15*BR14))/(BS15) -> 2.4535619 | BS15: =BS14-BQ15 -> 2228 | BY15: =((((((BT15+BU15)*30)/$E$50)+((BV15+BW15)/$E$51))+(BY14*BZ14))-(BX15*BY14))/(BZ15) -> 2.4535619 | BZ15: =BZ14-BX15 -> 2228 | CF15: =((((((CA15+CB15)*30)/$E$50)+((CC15+CD15)/$E$51))+(CF14*CG14))-(CE15*CF14))/(CG15) -> 2.4535619 | CG15: =CG14-CE15 -> 2228 | CM15: =((((((CH15+CI15)*30)/$E$50)+((CJ15+CK15)/$E$51))+(CM14*CN14))-(CL15*CM14))/(CN15) -> 2.4535619 | CN15: =CN14-CL15 -> 2228 | CT15: =((((((CO15+CP15)*30)/$E$50)+((CQ15+CR15)/$E$51))+(CT14*CU14))-(CS15*CT14))/(CU15) -> 2.4535619 | CU15: =CU14-CS15 -> 2228 | DA15: =((((((CV15+CW15)*30)/$E$50)+((CX15+CY15)/$E$51))+(DA14*DB14))-(CZ15*DA14))/(DB15) -> 2.4535619 | DB15: =DB14-CZ15 -> 2228 | DH15: =((((((DC15+DD15)*30)/$E$50)+((DE15+DF15)/$E$51))+(DH14*DI14))-(DG15*DH14))/(DI15) -> 2.4535619 | DI15: =DI14-DG15 -> 2228 | DO15: =((((((DJ15+DK15)*30)/$E$50)+((DL15+DM15)/$E$51))+(DO14*DP14))-(DN15*DO14))/(DP15) -> 2.4535619 | DP15: =DP14-DN15 -> 2228 | DV15: =((((((DQ15+DR15)*30)/$E$50)+((DS15+DT15)/$E$51))+(DV14*DW14))-(DU15*DV14))/(DW15) -> 2.4535619 | DW15: =DW14-DU15 -> 2228 | EC15: =((((((DX15+DY15)*30)/$E$50)+((DZ15+EA15)/$E$51))+(EC14*ED14))-(EB15*EC14))/(ED15) -> 2.4535619 | ED15: =ED14-EB15 -> 2228 | EJ15: =((((((EE15+EF15)*30)/$E$50)+((EG15+EH15)/$E$51))+(EJ14*EK14))-(EI15*EJ14))/(EK15) -> 2.4535619 | EK15: =EK14-EI15 -> 2228
A16: 13 | B16: 5 | G16: =((((((B16+C16)*30)/$E$50)+((D16+E16)/$E$51))+(G15*H15))-(F16*G15))/(H16) -> 2.0709374 | H16: =H15-F16 -> 2235 | I16: 6 | L16: 20 | M16: 1 | N16: =((((((I16+J16)*30)/$E$50)+((K16+L16)/$E$51))+(N15*O15))-(M16*N15))/(O16) -> 2.3979066 | O16: =O15-M16 -> 2228 | U16: =((((((P16+Q16)*30)/$E$50)+((R16+S16)/$E$51))+(U15*V15))-(T16*U15))/(V16) -> 2.4535619 | V16: =V15-T16 -> 2228 | AB16: =((((((W16+X16)*30)/$E$50)+((Y16+Z16)/$E$51))+(AB15*AC15))-(AA16*AB15))/(AC16) -> 2.4535619 | AC16: =AC15-AA16 -> 2228 | AI16: =((((((AD16+AE16)*30)/$E$50)+((AF16+AG16)/$E$51))+(AI15*AJ15))-(AH16*AI15))/(AJ16) -> 2.4535619 | AJ16: =AJ15-AH16 -> 2228 | AP16: =((((((AK16+AL16)*30)/$E$50)+((AM16+AN16)/$E$51))+(AP15*AQ15))-(AO16*AP15))/(AQ16) -> 2.4535619 | AQ16: =AQ15-AO16 -> 2228 | AW16: =((((((AR16+AS16)*30)/$E$50)+((AT16+AU16)/$E$51))+(AW15*AX15))-(AV16*AW15))/(AX16) -> 2.4535619 | AX16: =AX15-AV16 -> 2228 | BD16: =((((((AY16+AZ16)*30)/$E$50)+((BA16+BB16)/$E$51))+(BD15*BE15))-(BC16*BD15))/(BE16) -> 2.4535619 | BE16: =BE15-BC16 -> 2228 | BK16: =((((((BF16+BG16)*30)/$E$50)+((BH16+BI16)/$E$51))+(BK15*BL15))-(BJ16*BK15))/(BL16) -> 2.4535619 | BL16: =BL15-BJ16 -> 2228 | BR16: =((((((BM16+BN16)*30)/$E$50)+((BO16+BP16)/$E$51))+(BR15*BS15))-(BQ16*BR15))/(BS16) -> 2.4535619 | BS16: =BS15-BQ16 -> 2228 | BY16: =((((((BT16+BU16)*30)/$E$50)+((BV16+BW16)/$E$51))+(BY15*BZ15))-(BX16*BY15))/(BZ16) -> 2.4535619 | BZ16: =BZ15-BX16 -> 2228 | CF16: =((((((CA16+CB16)*30)/$E$50)+((CC16+CD16)/$E$51))+(CF15*CG15))-(CE16*CF15))/(CG16) -> 2.4535619 | CG16: =CG15-CE16 -> 2228 | CM16: =((((((CH16+CI16)*30)/$E$50)+((CJ16+CK16)/$E$51))+(CM15*CN15))-(CL16*CM15))/(CN16) -> 2.4535619 | CN16: =CN15-CL16 -> 2228 | CT16: =((((((CO16+CP16)*30)/$E$50)+((CQ16+CR16)/$E$51))+(CT15*CU15))-(CS16*CT15))/(CU16) -> 2.4535619 | CU16: =CU15-CS16 -> 2228 | DA16: =((((((CV16+CW16)*30)/$E$50)+((CX16+CY16)/$E$51))+(DA15*DB15))-(CZ16*DA15))/(DB16) -> 2.4535619 | DB16: =DB15-CZ16 -> 2228 | DH16: =((((((DC16+DD16)*30)/$E$50)+((DE16+DF16)/$E$51))+(DH15*DI15))-(DG16*DH15))/(DI16) -> 2.4535619 | DI16: =DI15-DG16 -> 2228 | DO16: =((((((DJ16+DK16)*30)/$E$50)+((DL16+DM16)/$E$51))+(DO15*DP15))-(DN16*DO15))/(DP16) -> 2.4535619 | DP16: =DP15-DN16 -> 2228 | DV16: =((((((DQ16+DR16)*30)/$E$50)+((DS16+DT16)/$E$51))+(DV15*DW15))-(DU16*DV15))/(DW16) -> 2.4535619 | DW16: =DW15-DU16 -> 2228 | EC16: =((((((DX16+DY16)*30)/$E$50)+((DZ16+EA16)/$E$51))+(EC15*ED15))-(EB16*EC15))/(ED16) -> 2.4535619 | ED16: =ED15-EB16 -> 2228 | EJ16: =((((((EE16+EF16)*30)/$E$50)+((EG16+EH16)/$E$51))+(EJ15*EK15))-(EI16*EJ15))/(EK16) -> 2.4535619 | EK16: =EK15-EI16 -> 2228
A17: 14 | B17: 5 | E17: 40 | G17: =((((((B17+C17)*30)/$E$50)+((D17+E17)/$E$51))+(G16*H16))-(F17*G16))/(H17) -> 2.0892819 | H17: =H16-F17 -> 2235 | I17: 3 | L17: 20 | N17: =((((((I17+J17)*30)/$E$50)+((K17+L17)/$E$51))+(N16*O16))-(M17*N16))/(O17) -> 2.4082298 | O17: =O16-M17 -> 2228 | U17: =((((((P17+Q17)*30)/$E$50)+((R17+S17)/$E$51))+(U16*V16))-(T17*U16))/(V17) -> 2.4535619 | V17: =V16-T17 -> 2228 | AB17: =((((((W17+X17)*30)/$E$50)+((Y17+Z17)/$E$51))+(AB16*AC16))-(AA17*AB16))/(AC17) -> 2.4535619 | AC17: =AC16-AA17 -> 2228 | AI17: =((((((AD17+AE17)*30)/$E$50)+((AF17+AG17)/$E$51))+(AI16*AJ16))-(AH17*AI16))/(AJ17) -> 2.4535619 | AJ17: =AJ16-AH17 -> 2228 | AP17: =((((((AK17+AL17)*30)/$E$50)+((AM17+AN17)/$E$51))+(AP16*AQ16))-(AO17*AP16))/(AQ17) -> 2.4535619 | AQ17: =AQ16-AO17 -> 2228 | AW17: =((((((AR17+AS17)*30)/$E$50)+((AT17+AU17)/$E$51))+(AW16*AX16))-(AV17*AW16))/(AX17) -> 2.4535619 | AX17: =AX16-AV17 -> 2228 | BD17: =((((((AY17+AZ17)*30)/$E$50)+((BA17+BB17)/$E$51))+(BD16*BE16))-(BC17*BD16))/(BE17) -> 2.4535619 | BE17: =BE16-BC17 -> 2228 | BK17: =((((((BF17+BG17)*30)/$E$50)+((BH17+BI17)/$E$51))+(BK16*BL16))-(BJ17*BK16))/(BL17) -> 2.4535619 | BL17: =BL16-BJ17 -> 2228 | BR17: =((((((BM17+BN17)*30)/$E$50)+((BO17+BP17)/$E$51))+(BR16*BS16))-(BQ17*BR16))/(BS17) -> 2.4535619 | BS17: =BS16-BQ17 -> 2228 | BY17: =((((((BT17+BU17)*30)/$E$50)+((BV17+BW17)/$E$51))+(BY16*BZ16))-(BX17*BY16))/(BZ17) -> 2.4535619 | BZ17: =BZ16-BX17 -> 2228 | CF17: =((((((CA17+CB17)*30)/$E$50)+((CC17+CD17)/$E$51))+(CF16*CG16))-(CE17*CF16))/(CG17) -> 2.4535619 | CG17: =CG16-CE17 -> 2228 | CM17: =((((((CH17+CI17)*30)/$E$50)+((CJ17+CK17)/$E$51))+(CM16*CN16))-(CL17*CM16))/(CN17) -> 2.4535619 | CN17: =CN16-CL17 -> 2228 | CT17: =((((((CO17+CP17)*30)/$E$50)+((CQ17+CR17)/$E$51))+(CT16*CU16))-(CS17*CT16))/(CU17) -> 2.4535619 | CU17: =CU16-CS17 -> 2228 | DA17: =((((((CV17+CW17)*30)/$E$50)+((CX17+CY17)/$E$51))+(DA16*DB16))-(CZ17*DA16))/(DB17) -> 2.4535619 | DB17: =DB16-CZ17 -> 2228 | DH17: =((((((DC17+DD17)*30)/$E$50)+((DE17+DF17)/$E$51))+(DH16*DI16))-(DG17*DH16))/(DI17) -> 2.4535619 | DI17: =DI16-DG17 -> 2228 | DO17: =((((((DJ17+DK17)*30)/$E$50)+((DL17+DM17)/$E$51))+(DO16*DP16))-(DN17*DO16))/(DP17) -> 2.4535619 | DP17: =DP16-DN17 -> 2228 | DV17: =((((((DQ17+DR17)*30)/$E$50)+((DS17+DT17)/$E$51))+(DV16*DW16))-(DU17*DV16))/(DW17) -> 2.4535619 | DW17: =DW16-DU17 -> 2228 | EC17: =((((((DX17+DY17)*30)/$E$50)+((DZ17+EA17)/$E$51))+(EC16*ED16))-(EB17*EC16))/(ED17) -> 2.4535619 | ED17: =ED16-EB17 -> 2228 | EJ17: =((((((EE17+EF17)*30)/$E$50)+((EG17+EH17)/$E$51))+(EJ16*EK16))-(EI17*EJ16))/(EK17) -> 2.4535619 | EK17: =EK16-EI17 -> 2228
A18: 15 | B18: 5 | E18: 40 | G18: =((((((B18+C18)*30)/$E$50)+((D18+E18)/$E$51))+(G17*H17))-(F18*G17))/(H18) -> 2.1076264 | H18: =H17-F18 -> 2235 | I18: 5 | N18: =((((((I18+J18)*30)/$E$50)+((K18+L18)/$E$51))+(N17*O17))-(M18*N17))/(O18) -> 2.4194506 | O18: =O17-M18 -> 2228 | U18: =((((((P18+Q18)*30)/$E$50)+((R18+S18)/$E$51))+(U17*V17))-(T18*U17))/(V18) -> 2.4535619 | V18: =V17-T18 -> 2228 | AB18: =((((((W18+X18)*30)/$E$50)+((Y18+Z18)/$E$51))+(AB17*AC17))-(AA18*AB17))/(AC18) -> 2.4535619 | AC18: =AC17-AA18 -> 2228 | AI18: =((((((AD18+AE18)*30)/$E$50)+((AF18+AG18)/$E$51))+(AI17*AJ17))-(AH18*AI17))/(AJ18) -> 2.4535619 | AJ18: =AJ17-AH18 -> 2228 | AP18: =((((((AK18+AL18)*30)/$E$50)+((AM18+AN18)/$E$51))+(AP17*AQ17))-(AO18*AP17))/(AQ18) -> 2.4535619 | AQ18: =AQ17-AO18 -> 2228 | AW18: =((((((AR18+AS18)*30)/$E$50)+((AT18+AU18)/$E$51))+(AW17*AX17))-(AV18*AW17))/(AX18) -> 2.4535619 | AX18: =AX17-AV18 -> 2228 | BD18: =((((((AY18+AZ18)*30)/$E$50)+((BA18+BB18)/$E$51))+(BD17*BE17))-(BC18*BD17))/(BE18) -> 2.4535619 | BE18: =BE17-BC18 -> 2228 | BK18: =((((((BF18+BG18)*30)/$E$50)+((BH18+BI18)/$E$51))+(BK17*BL17))-(BJ18*BK17))/(BL18) -> 2.4535619 | BL18: =BL17-BJ18 -> 2228 | BR18: =((((((BM18+BN18)*30)/$E$50)+((BO18+BP18)/$E$51))+(BR17*BS17))-(BQ18*BR17))/(BS18) -> 2.4535619 | BS18: =BS17-BQ18 -> 2228 | BY18: =((((((BT18+BU18)*30)/$E$50)+((BV18+BW18)/$E$51))+(BY17*BZ17))-(BX18*BY17))/(BZ18) -> 2.4535619 | BZ18: =BZ17-BX18 -> 2228 | CF18: =((((((CA18+CB18)*30)/$E$50)+((CC18+CD18)/$E$51))+(CF17*CG17))-(CE18*CF17))/(CG18) -> 2.4535619 | CG18: =CG17-CE18 -> 2228 | CM18: =((((((CH18+CI18)*30)/$E$50)+((CJ18+CK18)/$E$51))+(CM17*CN17))-(CL18*CM17))/(CN18) -> 2.4535619 | CN18: =CN17-CL18 -> 2228 | CT18: =((((((CO18+CP18)*30)/$E$50)+((CQ18+CR18)/$E$51))+(CT17*CU17))-(CS18*CT17))/(CU18) -> 2.4535619 | CU18: =CU17-CS18 -> 2228 | DA18: =((((((CV18+CW18)*30)/$E$50)+((CX18+CY18)/$E$51))+(DA17*DB17))-(CZ18*DA17))/(DB18) -> 2.4535619 | DB18: =DB17-CZ18 -> 2228 | DH18: =((((((DC18+DD18)*30)/$E$50)+((DE18+DF18)/$E$51))+(DH17*DI17))-(DG18*DH17))/(DI18) -> 2.4535619 | DI18: =DI17-DG18 -> 2228 | DO18: =((((((DJ18+DK18)*30)/$E$50)+((DL18+DM18)/$E$51))+(DO17*DP17))-(DN18*DO17))/(DP18) -> 2.4535619 | DP18: =DP17-DN18 -> 2228 | DV18: =((((((DQ18+DR18)*30)/$E$50)+((DS18+DT18)/$E$51))+(DV17*DW17))-(DU18*DV17))/(DW18) -> 2.4535619 | DW18: =DW17-DU18 -> 2228 | EC18: =((((((DX18+DY18)*30)/$E$50)+((DZ18+EA18)/$E$51))+(EC17*ED17))-(EB18*EC17))/(ED18) -> 2.4535619 | ED18: =ED17-EB18 -> 2228 | EJ18: =((((((EE18+EF18)*30)/$E$50)+((EG18+EH18)/$E$51))+(EJ17*EK17))-(EI18*EJ17))/(EK18) -> 2.4535619 | EK18: =EK17-EI18 -> 2228
A19: 16 | B19: 4 | E19: 20 | G19: =((((((B19+C19)*30)/$E$50)+((D19+E19)/$E$51))+(G18*H18))-(F19*G18))/(H19) -> 2.1201544 | H19: =H18-F19 -> 2235 | I19: 3 | L19: 20 | N19: =((((((I19+J19)*30)/$E$50)+((K19+L19)/$E$51))+(N18*O18))-(M19*N18))/(O19) -> 2.4297738 | O19: =O18-M19 -> 2228 | U19: =((((((P19+Q19)*30)/$E$50)+((R19+S19)/$E$51))+(U18*V18))-(T19*U18))/(V19) -> 2.4535619 | V19: =V18-T19 -> 2228 | AB19: =((((((W19+X19)*30)/$E$50)+((Y19+Z19)/$E$51))+(AB18*AC18))-(AA19*AB18))/(AC19) -> 2.4535619 | AC19: =AC18-AA19 -> 2228 | AI19: =((((((AD19+AE19)*30)/$E$50)+((AF19+AG19)/$E$51))+(AI18*AJ18))-(AH19*AI18))/(AJ19) -> 2.4535619 | AJ19: =AJ18-AH19 -> 2228 | AP19: =((((((AK19+AL19)*30)/$E$50)+((AM19+AN19)/$E$51))+(AP18*AQ18))-(AO19*AP18))/(AQ19) -> 2.4535619 | AQ19: =AQ18-AO19 -> 2228 | AW19: =((((((AR19+AS19)*30)/$E$50)+((AT19+AU19)/$E$51))+(AW18*AX18))-(AV19*AW18))/(AX19) -> 2.4535619 | AX19: =AX18-AV19 -> 2228 | BD19: =((((((AY19+AZ19)*30)/$E$50)+((BA19+BB19)/$E$51))+(BD18*BE18))-(BC19*BD18))/(BE19) -> 2.4535619 | BE19: =BE18-BC19 -> 2228 | BK19: =((((((BF19+BG19)*30)/$E$50)+((BH19+BI19)/$E$51))+(BK18*BL18))-(BJ19*BK18))/(BL19) -> 2.4535619 | BL19: =BL18-BJ19 -> 2228 | BR19: =((((((BM19+BN19)*30)/$E$50)+((BO19+BP19)/$E$51))+(BR18*BS18))-(BQ19*BR18))/(BS19) -> 2.4535619 | BS19: =BS18-BQ19 -> 2228 | BY19: =((((((BT19+BU19)*30)/$E$50)+((BV19+BW19)/$E$51))+(BY18*BZ18))-(BX19*BY18))/(BZ19) -> 2.4535619 | BZ19: =BZ18-BX19 -> 2228 | CF19: =((((((CA19+CB19)*30)/$E$50)+((CC19+CD19)/$E$51))+(CF18*CG18))-(CE19*CF18))/(CG19) -> 2.4535619 | CG19: =CG18-CE19 -> 2228 | CM19: =((((((CH19+CI19)*30)/$E$50)+((CJ19+CK19)/$E$51))+(CM18*CN18))-(CL19*CM18))/(CN19) -> 2.4535619 | CN19: =CN18-CL19 -> 2228 | CT19: =((((((CO19+CP19)*30)/$E$50)+((CQ19+CR19)/$E$51))+(CT18*CU18))-(CS19*CT18))/(CU19) -> 2.4535619 | CU19: =CU18-CS19 -> 2228 | DA19: =((((((CV19+CW19)*30)/$E$50)+((CX19+CY19)/$E$51))+(DA18*DB18))-(CZ19*DA18))/(DB19) -> 2.4535619 | DB19: =DB18-CZ19 -> 2228 | DH19: =((((((DC19+DD19)*30)/$E$50)+((DE19+DF19)/$E$51))+(DH18*DI18))-(DG19*DH18))/(DI19) -> 2.4535619 | DI19: =DI18-DG19 -> 2228 | DO19: =((((((DJ19+DK19)*30)/$E$50)+((DL19+DM19)/$E$51))+(DO18*DP18))-(DN19*DO18))/(DP19) -> 2.4535619 | DP19: =DP18-DN19 -> 2228 | DV19: =((((((DQ19+DR19)*30)/$E$50)+((DS19+DT19)/$E$51))+(DV18*DW18))-(DU19*DV18))/(DW19) -> 2.4535619 | DW19: =DW18-DU19 -> 2228 | EC19: =((((((DX19+DY19)*30)/$E$50)+((DZ19+EA19)/$E$51))+(EC18*ED18))-(EB19*EC18))/(ED19) -> 2.4535619 | ED19: =ED18-EB19 -> 2228 | EJ19: =((((((EE19+EF19)*30)/$E$50)+((EG19+EH19)/$E$51))+(EJ18*EK18))-(EI19*EJ18))/(EK19) -> 2.4535619 | EK19: =EK18-EI19 -> 2228
A20: 17 | B20: 1 | E20: 10 | G20: =((((((B20+C20)*30)/$E$50)+((D20+E20)/$E$51))+(G19*H19))-(F20*G19))/(H20) -> 2.1241812 | H20: =H19-F20 -> 2235 | I20: 3 | N20: =((((((I20+J20)*30)/$E$50)+((K20+L20)/$E$51))+(N19*O19))-(M20*N19))/(O20) -> 2.4365063 | O20: =O19-M20 -> 2228 | U20: =((((((P20+Q20)*30)/$E$50)+((R20+S20)/$E$51))+(U19*V19))-(T20*U19))/(V20) -> 2.4535619 | V20: =V19-T20 -> 2228 | AB20: =((((((W20+X20)*30)/$E$50)+((Y20+Z20)/$E$51))+(AB19*AC19))-(AA20*AB19))/(AC20) -> 2.4535619 | AC20: =AC19-AA20 -> 2228 | AI20: =((((((AD20+AE20)*30)/$E$50)+((AF20+AG20)/$E$51))+(AI19*AJ19))-(AH20*AI19))/(AJ20) -> 2.4535619 | AJ20: =AJ19-AH20 -> 2228 | AP20: =((((((AK20+AL20)*30)/$E$50)+((AM20+AN20)/$E$51))+(AP19*AQ19))-(AO20*AP19))/(AQ20) -> 2.4535619 | AQ20: =AQ19-AO20 -> 2228 | AW20: =((((((AR20+AS20)*30)/$E$50)+((AT20+AU20)/$E$51))+(AW19*AX19))-(AV20*AW19))/(AX20) -> 2.4535619 | AX20: =AX19-AV20 -> 2228 | BD20: =((((((AY20+AZ20)*30)/$E$50)+((BA20+BB20)/$E$51))+(BD19*BE19))-(BC20*BD19))/(BE20) -> 2.4535619 | BE20: =BE19-BC20 -> 2228 | BK20: =((((((BF20+BG20)*30)/$E$50)+((BH20+BI20)/$E$51))+(BK19*BL19))-(BJ20*BK19))/(BL20) -> 2.4535619 | BL20: =BL19-BJ20 -> 2228 | BR20: =((((((BM20+BN20)*30)/$E$50)+((BO20+BP20)/$E$51))+(BR19*BS19))-(BQ20*BR19))/(BS20) -> 2.4535619 | BS20: =BS19-BQ20 -> 2228 | BY20: =((((((BT20+BU20)*30)/$E$50)+((BV20+BW20)/$E$51))+(BY19*BZ19))-(BX20*BY19))/(BZ20) -> 2.4535619 | BZ20: =BZ19-BX20 -> 2228 | CF20: =((((((CA20+CB20)*30)/$E$50)+((CC20+CD20)/$E$51))+(CF19*CG19))-(CE20*CF19))/(CG20) -> 2.4535619 | CG20: =CG19-CE20 -> 2228 | CM20: =((((((CH20+CI20)*30)/$E$50)+((CJ20+CK20)/$E$51))+(CM19*CN19))-(CL20*CM19))/(CN20) -> 2.4535619 | CN20: =CN19-CL20 -> 2228 | CT20: =((((((CO20+CP20)*30)/$E$50)+((CQ20+CR20)/$E$51))+(CT19*CU19))-(CS20*CT19))/(CU20) -> 2.4535619 | CU20: =CU19-CS20 -> 2228 | DA20: =((((((CV20+CW20)*30)/$E$50)+((CX20+CY20)/$E$51))+(DA19*DB19))-(CZ20*DA19))/(DB20) -> 2.4535619 | DB20: =DB19-CZ20 -> 2228 | DH20: =((((((DC20+DD20)*30)/$E$50)+((DE20+DF20)/$E$51))+(DH19*DI19))-(DG20*DH19))/(DI20) -> 2.4535619 | DI20: =DI19-DG20 -> 2228 | DO20: =((((((DJ20+DK20)*30)/$E$50)+((DL20+DM20)/$E$51))+(DO19*DP19))-(DN20*DO19))/(DP20) -> 2.4535619 | DP20: =DP19-DN20 -> 2228 | DV20: =((((((DQ20+DR20)*30)/$E$50)+((DS20+DT20)/$E$51))+(DV19*DW19))-(DU20*DV19))/(DW20) -> 2.4535619 | DW20: =DW19-DU20 -> 2228 | EC20: =((((((DX20+DY20)*30)/$E$50)+((DZ20+EA20)/$E$51))+(EC19*ED19))-(EB20*EC19))/(ED20) -> 2.4535619 | ED20: =ED19-EB20 -> 2228 | EJ20: =((((((EE20+EF20)*30)/$E$50)+((EG20+EH20)/$E$51))+(EJ19*EK19))-(EI20*EJ19))/(EK20) -> 2.4535619 | EK20: =EK19-EI20 -> 2228
A21: 18 | B21: 3 | G21: =((((((B21+C21)*30)/$E$50)+((D21+E21)/$E$51))+(G20*H20))-(F21*G20))/(H21) -> 2.1308926 | H21: =H20-F21 -> 2235 | N21: =((((((I21+J21)*30)/$E$50)+((K21+L21)/$E$51))+(N20*O20))-(M21*N20))/(O21) -> 2.4365063 | O21: =O20-M21 -> 2228 | U21: =((((((P21+Q21)*30)/$E$50)+((R21+S21)/$E$51))+(U20*V20))-(T21*U20))/(V21) -> 2.4535619 | V21: =V20-T21 -> 2228 | AB21: =((((((W21+X21)*30)/$E$50)+((Y21+Z21)/$E$51))+(AB20*AC20))-(AA21*AB20))/(AC21) -> 2.4535619 | AC21: =AC20-AA21 -> 2228 | AI21: =((((((AD21+AE21)*30)/$E$50)+((AF21+AG21)/$E$51))+(AI20*AJ20))-(AH21*AI20))/(AJ21) -> 2.4535619 | AJ21: =AJ20-AH21 -> 2228 | AP21: =((((((AK21+AL21)*30)/$E$50)+((AM21+AN21)/$E$51))+(AP20*AQ20))-(AO21*AP20))/(AQ21) -> 2.4535619 | AQ21: =AQ20-AO21 -> 2228 | AW21: =((((((AR21+AS21)*30)/$E$50)+((AT21+AU21)/$E$51))+(AW20*AX20))-(AV21*AW20))/(AX21) -> 2.4535619 | AX21: =AX20-AV21 -> 2228 | BD21: =((((((AY21+AZ21)*30)/$E$50)+((BA21+BB21)/$E$51))+(BD20*BE20))-(BC21*BD20))/(BE21) -> 2.4535619 | BE21: =BE20-BC21 -> 2228 | BK21: =((((((BF21+BG21)*30)/$E$50)+((BH21+BI21)/$E$51))+(BK20*BL20))-(BJ21*BK20))/(BL21) -> 2.4535619 | BL21: =BL20-BJ21 -> 2228 | BR21: =((((((BM21+BN21)*30)/$E$50)+((BO21+BP21)/$E$51))+(BR20*BS20))-(BQ21*BR20))/(BS21) -> 2.4535619 | BS21: =BS20-BQ21 -> 2228 | BY21: =((((((BT21+BU21)*30)/$E$50)+((BV21+BW21)/$E$51))+(BY20*BZ20))-(BX21*BY20))/(BZ21) -> 2.4535619 | BZ21: =BZ20-BX21 -> 2228 | CF21: =((((((CA21+CB21)*30)/$E$50)+((CC21+CD21)/$E$51))+(CF20*CG20))-(CE21*CF20))/(CG21) -> 2.4535619 | CG21: =CG20-CE21 -> 2228 | CM21: =((((((CH21+CI21)*30)/$E$50)+((CJ21+CK21)/$E$51))+(CM20*CN20))-(CL21*CM20))/(CN21) -> 2.4535619 | CN21: =CN20-CL21 -> 2228 | CT21: =((((((CO21+CP21)*30)/$E$50)+((CQ21+CR21)/$E$51))+(CT20*CU20))-(CS21*CT20))/(CU21) -> 2.4535619 | CU21: =CU20-CS21 -> 2228 | DA21: =((((((CV21+CW21)*30)/$E$50)+((CX21+CY21)/$E$51))+(DA20*DB20))-(CZ21*DA20))/(DB21) -> 2.4535619 | DB21: =DB20-CZ21 -> 2228 | DH21: =((((((DC21+DD21)*30)/$E$50)+((DE21+DF21)/$E$51))+(DH20*DI20))-(DG21*DH20))/(DI21) -> 2.4535619 | DI21: =DI20-DG21 -> 2228 | DO21: =((((((DJ21+DK21)*30)/$E$50)+((DL21+DM21)/$E$51))+(DO20*DP20))-(DN21*DO20))/(DP21) -> 2.4535619 | DP21: =DP20-DN21 -> 2228 | DV21: =((((((DQ21+DR21)*30)/$E$50)+((DS21+DT21)/$E$51))+(DV20*DW20))-(DU21*DV20))/(DW21) -> 2.4535619 | DW21: =DW20-DU21 -> 2228 | EC21: =((((((DX21+DY21)*30)/$E$50)+((DZ21+EA21)/$E$51))+(EC20*ED20))-(EB21*EC20))/(ED21) -> 2.4535619 | ED21: =ED20-EB21 -> 2228 | EJ21: =((((((EE21+EF21)*30)/$E$50)+((EG21+EH21)/$E$51))+(EJ20*EK20))-(EI21*EJ20))/(EK21) -> 2.4535619 | EK21: =EK20-EI21 -> 2228
A22: 19 | B22: 3 | E22: 30 | G22: =((((((B22+C22)*30)/$E$50)+((D22+E22)/$E$51))+(G21*H21))-(F22*G21))/(H22) -> 2.1429732 | H22: =H21-F22 -> 2235 | N22: =((((((I22+J22)*30)/$E$50)+((K22+L22)/$E$51))+(N21*O21))-(M22*N21))/(O22) -> 2.4365063 | O22: =O21-M22 -> 2228 | U22: =((((((P22+Q22)*30)/$E$50)+((R22+S22)/$E$51))+(U21*V21))-(T22*U21))/(V22) -> 2.4535619 | V22: =V21-T22 -> 2228 | AB22: =((((((W22+X22)*30)/$E$50)+((Y22+Z22)/$E$51))+(AB21*AC21))-(AA22*AB21))/(AC22) -> 2.4535619 | AC22: =AC21-AA22 -> 2228 | AI22: =((((((AD22+AE22)*30)/$E$50)+((AF22+AG22)/$E$51))+(AI21*AJ21))-(AH22*AI21))/(AJ22) -> 2.4535619 | AJ22: =AJ21-AH22 -> 2228 | AP22: =((((((AK22+AL22)*30)/$E$50)+((AM22+AN22)/$E$51))+(AP21*AQ21))-(AO22*AP21))/(AQ22) -> 2.4535619 | AQ22: =AQ21-AO22 -> 2228 | AW22: =((((((AR22+AS22)*30)/$E$50)+((AT22+AU22)/$E$51))+(AW21*AX21))-(AV22*AW21))/(AX22) -> 2.4535619 | AX22: =AX21-AV22 -> 2228 | BD22: =((((((AY22+AZ22)*30)/$E$50)+((BA22+BB22)/$E$51))+(BD21*BE21))-(BC22*BD21))/(BE22) -> 2.4535619 | BE22: =BE21-BC22 -> 2228 | BK22: =((((((BF22+BG22)*30)/$E$50)+((BH22+BI22)/$E$51))+(BK21*BL21))-(BJ22*BK21))/(BL22) -> 2.4535619 | BL22: =BL21-BJ22 -> 2228 | BR22: =((((((BM22+BN22)*30)/$E$50)+((BO22+BP22)/$E$51))+(BR21*BS21))-(BQ22*BR21))/(BS22) -> 2.4535619 | BS22: =BS21-BQ22 -> 2228 | BY22: =((((((BT22+BU22)*30)/$E$50)+((BV22+BW22)/$E$51))+(BY21*BZ21))-(BX22*BY21))/(BZ22) -> 2.4535619 | BZ22: =BZ21-BX22 -> 2228 | CF22: =((((((CA22+CB22)*30)/$E$50)+((CC22+CD22)/$E$51))+(CF21*CG21))-(CE22*CF21))/(CG22) -> 2.4535619 | CG22: =CG21-CE22 -> 2228 | CM22: =((((((CH22+CI22)*30)/$E$50)+((CJ22+CK22)/$E$51))+(CM21*CN21))-(CL22*CM21))/(CN22) -> 2.4535619 | CN22: =CN21-CL22 -> 2228 | CT22: =((((((CO22+CP22)*30)/$E$50)+((CQ22+CR22)/$E$51))+(CT21*CU21))-(CS22*CT21))/(CU22) -> 2.4535619 | CU22: =CU21-CS22 -> 2228 | DA22: =((((((CV22+CW22)*30)/$E$50)+((CX22+CY22)/$E$51))+(DA21*DB21))-(CZ22*DA21))/(DB22) -> 2.4535619 | DB22: =DB21-CZ22 -> 2228 | DH22: =((((((DC22+DD22)*30)/$E$50)+((DE22+DF22)/$E$51))+(DH21*DI21))-(DG22*DH21))/(DI22) -> 2.4535619 | DI22: =DI21-DG22 -> 2228 | DO22: =((((((DJ22+DK22)*30)/$E$50)+((DL22+DM22)/$E$51))+(DO21*DP21))-(DN22*DO21))/(DP22) -> 2.4535619 | DP22: =DP21-DN22 -> 2228 | DV22: =((((((DQ22+DR22)*30)/$E$50)+((DS22+DT22)/$E$51))+(DV21*DW21))-(DU22*DV21))/(DW22) -> 2.4535619 | DW22: =DW21-DU22 -> 2228 | EC22: =((((((DX22+DY22)*30)/$E$50)+((DZ22+EA22)/$E$51))+(EC21*ED21))-(EB22*EC21))/(ED22) -> 2.4535619 | ED22: =ED21-EB22 -> 2228 | EJ22: =((((((EE22+EF22)*30)/$E$50)+((EG22+EH22)/$E$51))+(EJ21*EK21))-(EI22*EJ21))/(EK22) -> 2.4535619 | EK22: =EK21-EI22 -> 2228
A23: 20 | B23: 5 | E23: 20 | G23: =((((((B23+C23)*30)/$E$50)+((D23+E23)/$E$51))+(G22*H22))-(F23*G22))/(H23) -> 2.1577383 | H23: =H22-F23 -> 2235 | I23: 4 | N23: =((((((I23+J23)*30)/$E$50)+((K23+L23)/$E$51))+(N22*O22))-(M23*N22))/(O23) -> 2.4454829 | O23: =O22-M23 -> 2228 | U23: =((((((P23+Q23)*30)/$E$50)+((R23+S23)/$E$51))+(U22*V22))-(T23*U22))/(V23) -> 2.4535619 | V23: =V22-T23 -> 2228 | AB23: =((((((W23+X23)*30)/$E$50)+((Y23+Z23)/$E$51))+(AB22*AC22))-(AA23*AB22))/(AC23) -> 2.4535619 | AC23: =AC22-AA23 -> 2228 | AI23: =((((((AD23+AE23)*30)/$E$50)+((AF23+AG23)/$E$51))+(AI22*AJ22))-(AH23*AI22))/(AJ23) -> 2.4535619 | AJ23: =AJ22-AH23 -> 2228 | AP23: =((((((AK23+AL23)*30)/$E$50)+((AM23+AN23)/$E$51))+(AP22*AQ22))-(AO23*AP22))/(AQ23) -> 2.4535619 | AQ23: =AQ22-AO23 -> 2228 | AW23: =((((((AR23+AS23)*30)/$E$50)+((AT23+AU23)/$E$51))+(AW22*AX22))-(AV23*AW22))/(AX23) -> 2.4535619 | AX23: =AX22-AV23 -> 2228 | BD23: =((((((AY23+AZ23)*30)/$E$50)+((BA23+BB23)/$E$51))+(BD22*BE22))-(BC23*BD22))/(BE23) -> 2.4535619 | BE23: =BE22-BC23 -> 2228 | BK23: =((((((BF23+BG23)*30)/$E$50)+((BH23+BI23)/$E$51))+(BK22*BL22))-(BJ23*BK22))/(BL23) -> 2.4535619 | BL23: =BL22-BJ23 -> 2228 | BR23: =((((((BM23+BN23)*30)/$E$50)+((BO23+BP23)/$E$51))+(BR22*BS22))-(BQ23*BR22))/(BS23) -> 2.4535619 | BS23: =BS22-BQ23 -> 2228 | BY23: =((((((BT23+BU23)*30)/$E$50)+((BV23+BW23)/$E$51))+(BY22*BZ22))-(BX23*BY22))/(BZ23) -> 2.4535619 | BZ23: =BZ22-BX23 -> 2228 | CF23: =((((((CA23+CB23)*30)/$E$50)+((CC23+CD23)/$E$51))+(CF22*CG22))-(CE23*CF22))/(CG23) -> 2.4535619 | CG23: =CG22-CE23 -> 2228 | CM23: =((((((CH23+CI23)*30)/$E$50)+((CJ23+CK23)/$E$51))+(CM22*CN22))-(CL23*CM22))/(CN23) -> 2.4535619 | CN23: =CN22-CL23 -> 2228 | CT23: =((((((CO23+CP23)*30)/$E$50)+((CQ23+CR23)/$E$51))+(CT22*CU22))-(CS23*CT22))/(CU23) -> 2.4535619 | CU23: =CU22-CS23 -> 2228 | DA23: =((((((CV23+CW23)*30)/$E$50)+((CX23+CY23)/$E$51))+(DA22*DB22))-(CZ23*DA22))/(DB23) -> 2.4535619 | DB23: =DB22-CZ23 -> 2228 | DH23: =((((((DC23+DD23)*30)/$E$50)+((DE23+DF23)/$E$51))+(DH22*DI22))-(DG23*DH22))/(DI23) -> 2.4535619 | DI23: =DI22-DG23 -> 2228 | DO23: =((((((DJ23+DK23)*30)/$E$50)+((DL23+DM23)/$E$51))+(DO22*DP22))-(DN23*DO22))/(DP23) -> 2.4535619 | DP23: =DP22-DN23 -> 2228 | DV23: =((((((DQ23+DR23)*30)/$E$50)+((DS23+DT23)/$E$51))+(DV22*DW22))-(DU23*DV22))/(DW23) -> 2.4535619 | DW23: =DW22-DU23 -> 2228 | EC23: =((((((DX23+DY23)*30)/$E$50)+((DZ23+EA23)/$E$51))+(EC22*ED22))-(EB23*EC22))/(ED23) -> 2.4535619 | ED23: =ED22-EB23 -> 2228 | EJ23: =((((((EE23+EF23)*30)/$E$50)+((EG23+EH23)/$E$51))+(EJ22*EK22))-(EI23*EJ22))/(EK23) -> 2.4535619 | EK23: =EK22-EI23 -> 2228
A24: 21 | B24: 3 | G24: =((((((B24+C24)*30)/$E$50)+((D24+E24)/$E$51))+(G23*H23))-(F24*G23))/(H24) -> 2.1644497 | H24: =H23-F24 -> 2235 | L24: 20 | N24: =((((((I24+J24)*30)/$E$50)+((K24+L24)/$E$51))+(N23*O23))-(M24*N23))/(O24) -> 2.4490736 | O24: =O23-M24 -> 2228 | U24: =((((((P24+Q24)*30)/$E$50)+((R24+S24)/$E$51))+(U23*V23))-(T24*U23))/(V24) -> 2.4535619 | V24: =V23-T24 -> 2228 | AB24: =((((((W24+X24)*30)/$E$50)+((Y24+Z24)/$E$51))+(AB23*AC23))-(AA24*AB23))/(AC24) -> 2.4535619 | AC24: =AC23-AA24 -> 2228 | AI24: =((((((AD24+AE24)*30)/$E$50)+((AF24+AG24)/$E$51))+(AI23*AJ23))-(AH24*AI23))/(AJ24) -> 2.4535619 | AJ24: =AJ23-AH24 -> 2228 | AP24: =((((((AK24+AL24)*30)/$E$50)+((AM24+AN24)/$E$51))+(AP23*AQ23))-(AO24*AP23))/(AQ24) -> 2.4535619 | AQ24: =AQ23-AO24 -> 2228 | AW24: =((((((AR24+AS24)*30)/$E$50)+((AT24+AU24)/$E$51))+(AW23*AX23))-(AV24*AW23))/(AX24) -> 2.4535619 | AX24: =AX23-AV24 -> 2228 | BD24: =((((((AY24+AZ24)*30)/$E$50)+((BA24+BB24)/$E$51))+(BD23*BE23))-(BC24*BD23))/(BE24) -> 2.4535619 | BE24: =BE23-BC24 -> 2228 | BK24: =((((((BF24+BG24)*30)/$E$50)+((BH24+BI24)/$E$51))+(BK23*BL23))-(BJ24*BK23))/(BL24) -> 2.4535619 | BL24: =BL23-BJ24 -> 2228 | BR24: =((((((BM24+BN24)*30)/$E$50)+((BO24+BP24)/$E$51))+(BR23*BS23))-(BQ24*BR23))/(BS24) -> 2.4535619 | BS24: =BS23-BQ24 -> 2228 | BY24: =((((((BT24+BU24)*30)/$E$50)+((BV24+BW24)/$E$51))+(BY23*BZ23))-(BX24*BY23))/(BZ24) -> 2.4535619 | BZ24: =BZ23-BX24 -> 2228 | CF24: =((((((CA24+CB24)*30)/$E$50)+((CC24+CD24)/$E$51))+(CF23*CG23))-(CE24*CF23))/(CG24) -> 2.4535619 | CG24: =CG23-CE24 -> 2228 | CM24: =((((((CH24+CI24)*30)/$E$50)+((CJ24+CK24)/$E$51))+(CM23*CN23))-(CL24*CM23))/(CN24) -> 2.4535619 | CN24: =CN23-CL24 -> 2228 | CT24: =((((((CO24+CP24)*30)/$E$50)+((CQ24+CR24)/$E$51))+(CT23*CU23))-(CS24*CT23))/(CU24) -> 2.4535619 | CU24: =CU23-CS24 -> 2228 | DA24: =((((((CV24+CW24)*30)/$E$50)+((CX24+CY24)/$E$51))+(DA23*DB23))-(CZ24*DA23))/(DB24) -> 2.4535619 | DB24: =DB23-CZ24 -> 2228 | DH24: =((((((DC24+DD24)*30)/$E$50)+((DE24+DF24)/$E$51))+(DH23*DI23))-(DG24*DH23))/(DI24) -> 2.4535619 | DI24: =DI23-DG24 -> 2228 | DO24: =((((((DJ24+DK24)*30)/$E$50)+((DL24+DM24)/$E$51))+(DO23*DP23))-(DN24*DO23))/(DP24) -> 2.4535619 | DP24: =DP23-DN24 -> 2228 | DV24: =((((((DQ24+DR24)*30)/$E$50)+((DS24+DT24)/$E$51))+(DV23*DW23))-(DU24*DV23))/(DW24) -> 2.4535619 | DW24: =DW23-DU24 -> 2228 | EC24: =((((((DX24+DY24)*30)/$E$50)+((DZ24+EA24)/$E$51))+(EC23*ED23))-(EB24*EC23))/(ED24) -> 2.4535619 | ED24: =ED23-EB24 -> 2228 | EJ24: =((((((EE24+EF24)*30)/$E$50)+((EG24+EH24)/$E$51))+(EJ23*EK23))-(EI24*EJ23))/(EK24) -> 2.4535619 | EK24: =EK23-EI24 -> 2228
A25: 22 | B25: 3 | E25: 20 | G25: =((((((B25+C25)*30)/$E$50)+((D25+E25)/$E$51))+(G24*H24))-(F25*G24))/(H25) -> 2.1747405 | H25: =H24-F25 -> 2235 | I25: 2 | N25: =((((((I25+J25)*30)/$E$50)+((K25+L25)/$E$51))+(N24*O24))-(M25*N24))/(O25) -> 2.4535619 | O25: =O24-M25 -> 2228 | U25: =((((((P25+Q25)*30)/$E$50)+((R25+S25)/$E$51))+(U24*V24))-(T25*U24))/(V25) -> 2.4535619 | V25: =V24-T25 -> 2228 | AB25: =((((((W25+X25)*30)/$E$50)+((Y25+Z25)/$E$51))+(AB24*AC24))-(AA25*AB24))/(AC25) -> 2.4535619 | AC25: =AC24-AA25 -> 2228 | AI25: =((((((AD25+AE25)*30)/$E$50)+((AF25+AG25)/$E$51))+(AI24*AJ24))-(AH25*AI24))/(AJ25) -> 2.4535619 | AJ25: =AJ24-AH25 -> 2228 | AP25: =((((((AK25+AL25)*30)/$E$50)+((AM25+AN25)/$E$51))+(AP24*AQ24))-(AO25*AP24))/(AQ25) -> 2.4535619 | AQ25: =AQ24-AO25 -> 2228 | AW25: =((((((AR25+AS25)*30)/$E$50)+((AT25+AU25)/$E$51))+(AW24*AX24))-(AV25*AW24))/(AX25) -> 2.4535619 | AX25: =AX24-AV25 -> 2228 | BD25: =((((((AY25+AZ25)*30)/$E$50)+((BA25+BB25)/$E$51))+(BD24*BE24))-(BC25*BD24))/(BE25) -> 2.4535619 | BE25: =BE24-BC25 -> 2228 | BK25: =((((((BF25+BG25)*30)/$E$50)+((BH25+BI25)/$E$51))+(BK24*BL24))-(BJ25*BK24))/(BL25) -> 2.4535619 | BL25: =BL24-BJ25 -> 2228 | BR25: =((((((BM25+BN25)*30)/$E$50)+((BO25+BP25)/$E$51))+(BR24*BS24))-(BQ25*BR24))/(BS25) -> 2.4535619 | BS25: =BS24-BQ25 -> 2228 | BY25: =((((((BT25+BU25)*30)/$E$50)+((BV25+BW25)/$E$51))+(BY24*BZ24))-(BX25*BY24))/(BZ25) -> 2.4535619 | BZ25: =BZ24-BX25 -> 2228 | CF25: =((((((CA25+CB25)*30)/$E$50)+((CC25+CD25)/$E$51))+(CF24*CG24))-(CE25*CF24))/(CG25) -> 2.4535619 | CG25: =CG24-CE25 -> 2228 | CM25: =((((((CH25+CI25)*30)/$E$50)+((CJ25+CK25)/$E$51))+(CM24*CN24))-(CL25*CM24))/(CN25) -> 2.4535619 | CN25: =CN24-CL25 -> 2228 | CT25: =((((((CO25+CP25)*30)/$E$50)+((CQ25+CR25)/$E$51))+(CT24*CU24))-(CS25*CT24))/(CU25) -> 2.4535619 | CU25: =CU24-CS25 -> 2228 | DA25: =((((((CV25+CW25)*30)/$E$50)+((CX25+CY25)/$E$51))+(DA24*DB24))-(CZ25*DA24))/(DB25) -> 2.4535619 | DB25: =DB24-CZ25 -> 2228 | DH25: =((((((DC25+DD25)*30)/$E$50)+((DE25+DF25)/$E$51))+(DH24*DI24))-(DG25*DH24))/(DI25) -> 2.4535619 | DI25: =DI24-DG25 -> 2228 | DO25: =((((((DJ25+DK25)*30)/$E$50)+((DL25+DM25)/$E$51))+(DO24*DP24))-(DN25*DO24))/(DP25) -> 2.4535619 | DP25: =DP24-DN25 -> 2228 | DV25: =((((((DQ25+DR25)*30)/$E$50)+((DS25+DT25)/$E$51))+(DV24*DW24))-(DU25*DV24))/(DW25) -> 2.4535619 | DW25: =DW24-DU25 -> 2228 | EC25: =((((((DX25+DY25)*30)/$E$50)+((DZ25+EA25)/$E$51))+(EC24*ED24))-(EB25*EC24))/(ED25) -> 2.4535619 | ED25: =ED24-EB25 -> 2228 | EJ25: =((((((EE25+EF25)*30)/$E$50)+((EG25+EH25)/$E$51))+(EJ24*EK24))-(EI25*EJ24))/(EK25) -> 2.4535619 | EK25: =EK24-EI25 -> 2228
A26: 23 | B26: 3 | E26: 10 | F26: 2 | G26: =((((((B26+C26)*30)/$E$50)+((D26+E26)/$E$51))+(G25*H25))-(F26*G25))/(H26) -> 2.1832492 | H26: =H25-F26 -> 2233 | N26: =((((((I26+J26)*30)/$E$50)+((K26+L26)/$E$51))+(N25*O25))-(M26*N25))/(O26) -> 2.4535619 | O26: =O25-M26 -> 2228 | U26: =((((((P26+Q26)*30)/$E$50)+((R26+S26)/$E$51))+(U25*V25))-(T26*U25))/(V26) -> 2.4535619 | V26: =V25-T26 -> 2228 | AB26: =((((((W26+X26)*30)/$E$50)+((Y26+Z26)/$E$51))+(AB25*AC25))-(AA26*AB25))/(AC26) -> 2.4535619 | AC26: =AC25-AA26 -> 2228 | AI26: =((((((AD26+AE26)*30)/$E$50)+((AF26+AG26)/$E$51))+(AI25*AJ25))-(AH26*AI25))/(AJ26) -> 2.4535619 | AJ26: =AJ25-AH26 -> 2228 | AP26: =((((((AK26+AL26)*30)/$E$50)+((AM26+AN26)/$E$51))+(AP25*AQ25))-(AO26*AP25))/(AQ26) -> 2.4535619 | AQ26: =AQ25-AO26 -> 2228 | AW26: =((((((AR26+AS26)*30)/$E$50)+((AT26+AU26)/$E$51))+(AW25*AX25))-(AV26*AW25))/(AX26) -> 2.4535619 | AX26: =AX25-AV26 -> 2228 | BD26: =((((((AY26+AZ26)*30)/$E$50)+((BA26+BB26)/$E$51))+(BD25*BE25))-(BC26*BD25))/(BE26) -> 2.4535619 | BE26: =BE25-BC26 -> 2228 | BK26: =((((((BF26+BG26)*30)/$E$50)+((BH26+BI26)/$E$51))+(BK25*BL25))-(BJ26*BK25))/(BL26) -> 2.4535619 | BL26: =BL25-BJ26 -> 2228 | BR26: =((((((BM26+BN26)*30)/$E$50)+((BO26+BP26)/$E$51))+(BR25*BS25))-(BQ26*BR25))/(BS26) -> 2.4535619 | BS26: =BS25-BQ26 -> 2228 | BY26: =((((((BT26+BU26)*30)/$E$50)+((BV26+BW26)/$E$51))+(BY25*BZ25))-(BX26*BY25))/(BZ26) -> 2.4535619 | BZ26: =BZ25-BX26 -> 2228 | CF26: =((((((CA26+CB26)*30)/$E$50)+((CC26+CD26)/$E$51))+(CF25*CG25))-(CE26*CF25))/(CG26) -> 2.4535619 | CG26: =CG25-CE26 -> 2228 | CM26: =((((((CH26+CI26)*30)/$E$50)+((CJ26+CK26)/$E$51))+(CM25*CN25))-(CL26*CM25))/(CN26) -> 2.4535619 | CN26: =CN25-CL26 -> 2228 | CT26: =((((((CO26+CP26)*30)/$E$50)+((CQ26+CR26)/$E$51))+(CT25*CU25))-(CS26*CT25))/(CU26) -> 2.4535619 | CU26: =CU25-CS26 -> 2228 | DA26: =((((((CV26+CW26)*30)/$E$50)+((CX26+CY26)/$E$51))+(DA25*DB25))-(CZ26*DA25))/(DB26) -> 2.4535619 | DB26: =DB25-CZ26 -> 2228 | DH26: =((((((DC26+DD26)*30)/$E$50)+((DE26+DF26)/$E$51))+(DH25*DI25))-(DG26*DH25))/(DI26) -> 2.4535619 | DI26: =DI25-DG26 -> 2228 | DO26: =((((((DJ26+DK26)*30)/$E$50)+((DL26+DM26)/$E$51))+(DO25*DP25))-(DN26*DO25))/(DP26) -> 2.4535619 | DP26: =DP25-DN26 -> 2228 | DV26: =((((((DQ26+DR26)*30)/$E$50)+((DS26+DT26)/$E$51))+(DV25*DW25))-(DU26*DV25))/(DW26) -> 2.4535619 | DW26: =DW25-DU26 -> 2228 | EC26: =((((((DX26+DY26)*30)/$E$50)+((DZ26+EA26)/$E$51))+(EC25*ED25))-(EB26*EC25))/(ED26) -> 2.4535619 | ED26: =ED25-EB26 -> 2228 | EJ26: =((((((EE26+EF26)*30)/$E$50)+((EG26+EH26)/$E$51))+(EJ25*EK25))-(EI26*EJ25))/(EK26) -> 2.4535619 | EK26: =EK25-EI26 -> 2228
A27: 24 | B27: 2 | E27: 20 | G27: =((((((B27+C27)*30)/$E$50)+((D27+E27)/$E$51))+(G26*H26))-(F27*G26))/(H27) -> 2.1913101 | H27: =H26-F27 -> 2233 | N27: =((((((I27+J27)*30)/$E$50)+((K27+L27)/$E$51))+(N26*O26))-(M27*N26))/(O27) -> 2.4535619 | O27: =O26-M27 -> 2228 | U27: =((((((P27+Q27)*30)/$E$50)+((R27+S27)/$E$51))+(U26*V26))-(T27*U26))/(V27) -> 2.4535619 | V27: =V26-T27 -> 2228 | AB27: =((((((W27+X27)*30)/$E$50)+((Y27+Z27)/$E$51))+(AB26*AC26))-(AA27*AB26))/(AC27) -> 2.4535619 | AC27: =AC26-AA27 -> 2228 | AI27: =((((((AD27+AE27)*30)/$E$50)+((AF27+AG27)/$E$51))+(AI26*AJ26))-(AH27*AI26))/(AJ27) -> 2.4535619 | AJ27: =AJ26-AH27 -> 2228 | AP27: =((((((AK27+AL27)*30)/$E$50)+((AM27+AN27)/$E$51))+(AP26*AQ26))-(AO27*AP26))/(AQ27) -> 2.4535619 | AQ27: =AQ26-AO27 -> 2228 | AW27: =((((((AR27+AS27)*30)/$E$50)+((AT27+AU27)/$E$51))+(AW26*AX26))-(AV27*AW26))/(AX27) -> 2.4535619 | AX27: =AX26-AV27 -> 2228 | BD27: =((((((AY27+AZ27)*30)/$E$50)+((BA27+BB27)/$E$51))+(BD26*BE26))-(BC27*BD26))/(BE27) -> 2.4535619 | BE27: =BE26-BC27 -> 2228 | BK27: =((((((BF27+BG27)*30)/$E$50)+((BH27+BI27)/$E$51))+(BK26*BL26))-(BJ27*BK26))/(BL27) -> 2.4535619 | BL27: =BL26-BJ27 -> 2228 | BR27: =((((((BM27+BN27)*30)/$E$50)+((BO27+BP27)/$E$51))+(BR26*BS26))-(BQ27*BR26))/(BS27) -> 2.4535619 | BS27: =BS26-BQ27 -> 2228 | BY27: =((((((BT27+BU27)*30)/$E$50)+((BV27+BW27)/$E$51))+(BY26*BZ26))-(BX27*BY26))/(BZ27) -> 2.4535619 | BZ27: =BZ26-BX27 -> 2228 | CF27: =((((((CA27+CB27)*30)/$E$50)+((CC27+CD27)/$E$51))+(CF26*CG26))-(CE27*CF26))/(CG27) -> 2.4535619 | CG27: =CG26-CE27 -> 2228 | CM27: =((((((CH27+CI27)*30)/$E$50)+((CJ27+CK27)/$E$51))+(CM26*CN26))-(CL27*CM26))/(CN27) -> 2.4535619 | CN27: =CN26-CL27 -> 2228 | CT27: =((((((CO27+CP27)*30)/$E$50)+((CQ27+CR27)/$E$51))+(CT26*CU26))-(CS27*CT26))/(CU27) -> 2.4535619 | CU27: =CU26-CS27 -> 2228 | DA27: =((((((CV27+CW27)*30)/$E$50)+((CX27+CY27)/$E$51))+(DA26*DB26))-(CZ27*DA26))/(DB27) -> 2.4535619 | DB27: =DB26-CZ27 -> 2228 | DH27: =((((((DC27+DD27)*30)/$E$50)+((DE27+DF27)/$E$51))+(DH26*DI26))-(DG27*DH26))/(DI27) -> 2.4535619 | DI27: =DI26-DG27 -> 2228 | DO27: =((((((DJ27+DK27)*30)/$E$50)+((DL27+DM27)/$E$51))+(DO26*DP26))-(DN27*DO26))/(DP27) -> 2.4535619 | DP27: =DP26-DN27 -> 2228 | DV27: =((((((DQ27+DR27)*30)/$E$50)+((DS27+DT27)/$E$51))+(DV26*DW26))-(DU27*DV26))/(DW27) -> 2.4535619 | DW27: =DW26-DU27 -> 2228 | EC27: =((((((DX27+DY27)*30)/$E$50)+((DZ27+EA27)/$E$51))+(EC26*ED26))-(EB27*EC26))/(ED27) -> 2.4535619 | ED27: =ED26-EB27 -> 2228 | EJ27: =((((((EE27+EF27)*30)/$E$50)+((EG27+EH27)/$E$51))+(EJ26*EK26))-(EI27*EJ26))/(EK27) -> 2.4535619 | EK27: =EK26-EI27 -> 2228
A28: 25 | B28: 5 | F28: 1 | G28: =((((((B28+C28)*30)/$E$50)+((D28+E28)/$E$51))+(G27*H27))-(F28*G27))/(H28) -> 2.2025108 | H28: =H27-F28 -> 2232 | N28: =((((((I28+J28)*30)/$E$50)+((K28+L28)/$E$51))+(N27*O27))-(M28*N27))/(O28) -> 2.4535619 | O28: =O27-M28 -> 2228 | U28: =((((((P28+Q28)*30)/$E$50)+((R28+S28)/$E$51))+(U27*V27))-(T28*U27))/(V28) -> 2.4535619 | V28: =V27-T28 -> 2228 | AB28: =((((((W28+X28)*30)/$E$50)+((Y28+Z28)/$E$51))+(AB27*AC27))-(AA28*AB27))/(AC28) -> 2.4535619 | AC28: =AC27-AA28 -> 2228 | AI28: =((((((AD28+AE28)*30)/$E$50)+((AF28+AG28)/$E$51))+(AI27*AJ27))-(AH28*AI27))/(AJ28) -> 2.4535619 | AJ28: =AJ27-AH28 -> 2228 | AP28: =((((((AK28+AL28)*30)/$E$50)+((AM28+AN28)/$E$51))+(AP27*AQ27))-(AO28*AP27))/(AQ28) -> 2.4535619 | AQ28: =AQ27-AO28 -> 2228 | AW28: =((((((AR28+AS28)*30)/$E$50)+((AT28+AU28)/$E$51))+(AW27*AX27))-(AV28*AW27))/(AX28) -> 2.4535619 | AX28: =AX27-AV28 -> 2228 | BD28: =((((((AY28+AZ28)*30)/$E$50)+((BA28+BB28)/$E$51))+(BD27*BE27))-(BC28*BD27))/(BE28) -> 2.4535619 | BE28: =BE27-BC28 -> 2228 | BK28: =((((((BF28+BG28)*30)/$E$50)+((BH28+BI28)/$E$51))+(BK27*BL27))-(BJ28*BK27))/(BL28) -> 2.4535619 | BL28: =BL27-BJ28 -> 2228 | BR28: =((((((BM28+BN28)*30)/$E$50)+((BO28+BP28)/$E$51))+(BR27*BS27))-(BQ28*BR27))/(BS28) -> 2.4535619 | BS28: =BS27-BQ28 -> 2228 | BY28: =((((((BT28+BU28)*30)/$E$50)+((BV28+BW28)/$E$51))+(BY27*BZ27))-(BX28*BY27))/(BZ28) -> 2.4535619 | BZ28: =BZ27-BX28 -> 2228 | CF28: =((((((CA28+CB28)*30)/$E$50)+((CC28+CD28)/$E$51))+(CF27*CG27))-(CE28*CF27))/(CG28) -> 2.4535619 | CG28: =CG27-CE28 -> 2228 | CM28: =((((((CH28+CI28)*30)/$E$50)+((CJ28+CK28)/$E$51))+(CM27*CN27))-(CL28*CM27))/(CN28) -> 2.4535619 | CN28: =CN27-CL28 -> 2228 | CT28: =((((((CO28+CP28)*30)/$E$50)+((CQ28+CR28)/$E$51))+(CT27*CU27))-(CS28*CT27))/(CU28) -> 2.4535619 | CU28: =CU27-CS28 -> 2228 | DA28: =((((((CV28+CW28)*30)/$E$50)+((CX28+CY28)/$E$51))+(DA27*DB27))-(CZ28*DA27))/(DB28) -> 2.4535619 | DB28: =DB27-CZ28 -> 2228 | DH28: =((((((DC28+DD28)*30)/$E$50)+((DE28+DF28)/$E$51))+(DH27*DI27))-(DG28*DH27))/(DI28) -> 2.4535619 | DI28: =DI27-DG28 -> 2228 | DO28: =((((((DJ28+DK28)*30)/$E$50)+((DL28+DM28)/$E$51))+(DO27*DP27))-(DN28*DO27))/(DP28) -> 2.4535619 | DP28: =DP27-DN28 -> 2228 | DV28: =((((((DQ28+DR28)*30)/$E$50)+((DS28+DT28)/$E$51))+(DV27*DW27))-(DU28*DV27))/(DW28) -> 2.4535619 | DW28: =DW27-DU28 -> 2228 | EC28: =((((((DX28+DY28)*30)/$E$50)+((DZ28+EA28)/$E$51))+(EC27*ED27))-(EB28*EC27))/(ED28) -> 2.4535619 | ED28: =ED27-EB28 -> 2228 | EJ28: =((((((EE28+EF28)*30)/$E$50)+((EG28+EH28)/$E$51))+(EJ27*EK27))-(EI28*EJ27))/(EK28) -> 2.4535619 | EK28: =EK27-EI28 -> 2228
A29: 26 | B29: 3 | E29: 20 | G29: =((((((B29+C29)*30)/$E$50)+((D29+E29)/$E$51))+(G28*H28))-(F29*G28))/(H29) -> 2.2128155 | H29: =H28-F29 -> 2232 | N29: =((((((I29+J29)*30)/$E$50)+((K29+L29)/$E$51))+(N28*O28))-(M29*N28))/(O29) -> 2.4535619 | O29: =O28-M29 -> 2228 | U29: =((((((P29+Q29)*30)/$E$50)+((R29+S29)/$E$51))+(U28*V28))-(T29*U28))/(V29) -> 2.4535619 | V29: =V28-T29 -> 2228 | AB29: =((((((W29+X29)*30)/$E$50)+((Y29+Z29)/$E$51))+(AB28*AC28))-(AA29*AB28))/(AC29) -> 2.4535619 | AC29: =AC28-AA29 -> 2228 | AI29: =((((((AD29+AE29)*30)/$E$50)+((AF29+AG29)/$E$51))+(AI28*AJ28))-(AH29*AI28))/(AJ29) -> 2.4535619 | AJ29: =AJ28-AH29 -> 2228 | AP29: =((((((AK29+AL29)*30)/$E$50)+((AM29+AN29)/$E$51))+(AP28*AQ28))-(AO29*AP28))/(AQ29) -> 2.4535619 | AQ29: =AQ28-AO29 -> 2228 | AW29: =((((((AR29+AS29)*30)/$E$50)+((AT29+AU29)/$E$51))+(AW28*AX28))-(AV29*AW28))/(AX29) -> 2.4535619 | AX29: =AX28-AV29 -> 2228 | BD29: =((((((AY29+AZ29)*30)/$E$50)+((BA29+BB29)/$E$51))+(BD28*BE28))-(BC29*BD28))/(BE29) -> 2.4535619 | BE29: =BE28-BC29 -> 2228 | BK29: =((((((BF29+BG29)*30)/$E$50)+((BH29+BI29)/$E$51))+(BK28*BL28))-(BJ29*BK28))/(BL29) -> 2.4535619 | BL29: =BL28-BJ29 -> 2228 | BR29: =((((((BM29+BN29)*30)/$E$50)+((BO29+BP29)/$E$51))+(BR28*BS28))-(BQ29*BR28))/(BS29) -> 2.4535619 | BS29: =BS28-BQ29 -> 2228 | BY29: =((((((BT29+BU29)*30)/$E$50)+((BV29+BW29)/$E$51))+(BY28*BZ28))-(BX29*BY28))/(BZ29) -> 2.4535619 | BZ29: =BZ28-BX29 -> 2228 | CF29: =((((((CA29+CB29)*30)/$E$50)+((CC29+CD29)/$E$51))+(CF28*CG28))-(CE29*CF28))/(CG29) -> 2.4535619 | CG29: =CG28-CE29 -> 2228 | CM29: =((((((CH29+CI29)*30)/$E$50)+((CJ29+CK29)/$E$51))+(CM28*CN28))-(CL29*CM28))/(CN29) -> 2.4535619 | CN29: =CN28-CL29 -> 2228 | CT29: =((((((CO29+CP29)*30)/$E$50)+((CQ29+CR29)/$E$51))+(CT28*CU28))-(CS29*CT28))/(CU29) -> 2.4535619 | CU29: =CU28-CS29 -> 2228 | DA29: =((((((CV29+CW29)*30)/$E$50)+((CX29+CY29)/$E$51))+(DA28*DB28))-(CZ29*DA28))/(DB29) -> 2.4535619 | DB29: =DB28-CZ29 -> 2228 | DH29: =((((((DC29+DD29)*30)/$E$50)+((DE29+DF29)/$E$51))+(DH28*DI28))-(DG29*DH28))/(DI29) -> 2.4535619 | DI29: =DI28-DG29 -> 2228 | DO29: =((((((DJ29+DK29)*30)/$E$50)+((DL29+DM29)/$E$51))+(DO28*DP28))-(DN29*DO28))/(DP29) -> 2.4535619 | DP29: =DP28-DN29 -> 2228 | DV29: =((((((DQ29+DR29)*30)/$E$50)+((DS29+DT29)/$E$51))+(DV28*DW28))-(DU29*DV28))/(DW29) -> 2.4535619 | DW29: =DW28-DU29 -> 2228 | EC29: =((((((DX29+DY29)*30)/$E$50)+((DZ29+EA29)/$E$51))+(EC28*ED28))-(EB29*EC28))/(ED29) -> 2.4535619 | ED29: =ED28-EB29 -> 2228 | EJ29: =((((((EE29+EF29)*30)/$E$50)+((EG29+EH29)/$E$51))+(EJ28*EK28))-(EI29*EJ28))/(EK29) -> 2.4535619 | EK29: =EK28-EI29 -> 2228
A30: 27 | B30: 3 | E30: 20 | G30: =((((((B30+C30)*30)/$E$50)+((D30+E30)/$E$51))+(G29*H29))-(F30*G29))/(H30) -> 2.2231202 | H30: =H29-F30 -> 2232 | N30: =((((((I30+J30)*30)/$E$50)+((K30+L30)/$E$51))+(N29*O29))-(M30*N29))/(O30) -> 2.4535619 | O30: =O29-M30 -> 2228 | U30: =((((((P30+Q30)*30)/$E$50)+((R30+S30)/$E$51))+(U29*V29))-(T30*U29))/(V30) -> 2.4535619 | V30: =V29-T30 -> 2228 | AB30: =((((((W30+X30)*30)/$E$50)+((Y30+Z30)/$E$51))+(AB29*AC29))-(AA30*AB29))/(AC30) -> 2.4535619 | AC30: =AC29-AA30 -> 2228 | AI30: =((((((AD30+AE30)*30)/$E$50)+((AF30+AG30)/$E$51))+(AI29*AJ29))-(AH30*AI29))/(AJ30) -> 2.4535619 | AJ30: =AJ29-AH30 -> 2228 | AP30: =((((((AK30+AL30)*30)/$E$50)+((AM30+AN30)/$E$51))+(AP29*AQ29))-(AO30*AP29))/(AQ30) -> 2.4535619 | AQ30: =AQ29-AO30 -> 2228 | AW30: =((((((AR30+AS30)*30)/$E$50)+((AT30+AU30)/$E$51))+(AW29*AX29))-(AV30*AW29))/(AX30) -> 2.4535619 | AX30: =AX29-AV30 -> 2228 | BD30: =((((((AY30+AZ30)*30)/$E$50)+((BA30+BB30)/$E$51))+(BD29*BE29))-(BC30*BD29))/(BE30) -> 2.4535619 | BE30: =BE29-BC30 -> 2228 | BK30: =((((((BF30+BG30)*30)/$E$50)+((BH30+BI30)/$E$51))+(BK29*BL29))-(BJ30*BK29))/(BL30) -> 2.4535619 | BL30: =BL29-BJ30 -> 2228 | BR30: =((((((BM30+BN30)*30)/$E$50)+((BO30+BP30)/$E$51))+(BR29*BS29))-(BQ30*BR29))/(BS30) -> 2.4535619 | BS30: =BS29-BQ30 -> 2228 | BY30: =((((((BT30+BU30)*30)/$E$50)+((BV30+BW30)/$E$51))+(BY29*BZ29))-(BX30*BY29))/(BZ30) -> 2.4535619 | BZ30: =BZ29-BX30 -> 2228 | CF30: =((((((CA30+CB30)*30)/$E$50)+((CC30+CD30)/$E$51))+(CF29*CG29))-(CE30*CF29))/(CG30) -> 2.4535619 | CG30: =CG29-CE30 -> 2228 | CM30: =((((((CH30+CI30)*30)/$E$50)+((CJ30+CK30)/$E$51))+(CM29*CN29))-(CL30*CM29))/(CN30) -> 2.4535619 | CN30: =CN29-CL30 -> 2228 | CT30: =((((((CO30+CP30)*30)/$E$50)+((CQ30+CR30)/$E$51))+(CT29*CU29))-(CS30*CT29))/(CU30) -> 2.4535619 | CU30: =CU29-CS30 -> 2228 | DA30: =((((((CV30+CW30)*30)/$E$50)+((CX30+CY30)/$E$51))+(DA29*DB29))-(CZ30*DA29))/(DB30) -> 2.4535619 | DB30: =DB29-CZ30 -> 2228 | DH30: =((((((DC30+DD30)*30)/$E$50)+((DE30+DF30)/$E$51))+(DH29*DI29))-(DG30*DH29))/(DI30) -> 2.4535619 | DI30: =DI29-DG30 -> 2228 | DO30: =((((((DJ30+DK30)*30)/$E$50)+((DL30+DM30)/$E$51))+(DO29*DP29))-(DN30*DO29))/(DP30) -> 2.4535619 | DP30: =DP29-DN30 -> 2228 | DV30: =((((((DQ30+DR30)*30)/$E$50)+((DS30+DT30)/$E$51))+(DV29*DW29))-(DU30*DV29))/(DW30) -> 2.4535619 | DW30: =DW29-DU30 -> 2228 | EC30: =((((((DX30+DY30)*30)/$E$50)+((DZ30+EA30)/$E$51))+(EC29*ED29))-(EB30*EC29))/(ED30) -> 2.4535619 | ED30: =ED29-EB30 -> 2228 | EJ30: =((((((EE30+EF30)*30)/$E$50)+((EG30+EH30)/$E$51))+(EJ29*EK29))-(EI30*EJ29))/(EK30) -> 2.4535619 | EK30: =EK29-EI30 -> 2228
A31: 28 | B31: 6 | G31: =((((((B31+C31)*30)/$E$50)+((D31+E31)/$E$51))+(G30*H30))-(F31*G30))/(H31) -> 2.236561 | H31: =H30-F31 -> 2232 | N31: =((((((I31+J31)*30)/$E$50)+((K31+L31)/$E$51))+(N30*O30))-(M31*N30))/(O31) -> 2.4535619 | O31: =O30-M31 -> 2228 | U31: =((((((P31+Q31)*30)/$E$50)+((R31+S31)/$E$51))+(U30*V30))-(T31*U30))/(V31) -> 2.4535619 | V31: =V30-T31 -> 2228 | AB31: =((((((W31+X31)*30)/$E$50)+((Y31+Z31)/$E$51))+(AB30*AC30))-(AA31*AB30))/(AC31) -> 2.4535619 | AC31: =AC30-AA31 -> 2228 | AI31: =((((((AD31+AE31)*30)/$E$50)+((AF31+AG31)/$E$51))+(AI30*AJ30))-(AH31*AI30))/(AJ31) -> 2.4535619 | AJ31: =AJ30-AH31 -> 2228 | AP31: =((((((AK31+AL31)*30)/$E$50)+((AM31+AN31)/$E$51))+(AP30*AQ30))-(AO31*AP30))/(AQ31) -> 2.4535619 | AQ31: =AQ30-AO31 -> 2228 | AW31: =((((((AR31+AS31)*30)/$E$50)+((AT31+AU31)/$E$51))+(AW30*AX30))-(AV31*AW30))/(AX31) -> 2.4535619 | AX31: =AX30-AV31 -> 2228 | BD31: =((((((AY31+AZ31)*30)/$E$50)+((BA31+BB31)/$E$51))+(BD30*BE30))-(BC31*BD30))/(BE31) -> 2.4535619 | BE31: =BE30-BC31 -> 2228 | BK31: =((((((BF31+BG31)*30)/$E$50)+((BH31+BI31)/$E$51))+(BK30*BL30))-(BJ31*BK30))/(BL31) -> 2.4535619 | BL31: =BL30-BJ31 -> 2228 | BR31: =((((((BM31+BN31)*30)/$E$50)+((BO31+BP31)/$E$51))+(BR30*BS30))-(BQ31*BR30))/(BS31) -> 2.4535619 | BS31: =BS30-BQ31 -> 2228 | BY31: =((((((BT31+BU31)*30)/$E$50)+((BV31+BW31)/$E$51))+(BY30*BZ30))-(BX31*BY30))/(BZ31) -> 2.4535619 | BZ31: =BZ30-BX31 -> 2228 | CF31: =((((((CA31+CB31)*30)/$E$50)+((CC31+CD31)/$E$51))+(CF30*CG30))-(CE31*CF30))/(CG31) -> 2.4535619 | CG31: =CG30-CE31 -> 2228 | CM31: =((((((CH31+CI31)*30)/$E$50)+((CJ31+CK31)/$E$51))+(CM30*CN30))-(CL31*CM30))/(CN31) -> 2.4535619 | CN31: =CN30-CL31 -> 2228 | CT31: =((((((CO31+CP31)*30)/$E$50)+((CQ31+CR31)/$E$51))+(CT30*CU30))-(CS31*CT30))/(CU31) -> 2.4535619 | CU31: =CU30-CS31 -> 2228 | DA31: =((((((CV31+CW31)*30)/$E$50)+((CX31+CY31)/$E$51))+(DA30*DB30))-(CZ31*DA30))/(DB31) -> 2.4535619 | DB31: =DB30-CZ31 -> 2228 | DH31: =((((((DC31+DD31)*30)/$E$50)+((DE31+DF31)/$E$51))+(DH30*DI30))-(DG31*DH30))/(DI31) -> 2.4535619 | DI31: =DI30-DG31 -> 2228 | DO31: =((((((DJ31+DK31)*30)/$E$50)+((DL31+DM31)/$E$51))+(DO30*DP30))-(DN31*DO30))/(DP31) -> 2.4535619 | DP31: =DP30-DN31 -> 2228 | DV31: =((((((DQ31+DR31)*30)/$E$50)+((DS31+DT31)/$E$51))+(DV30*DW30))-(DU31*DV30))/(DW31) -> 2.4535619 | DW31: =DW30-DU31 -> 2228 | EC31: =((((((DX31+DY31)*30)/$E$50)+((DZ31+EA31)/$E$51))+(EC30*ED30))-(EB31*EC30))/(ED31) -> 2.4535619 | ED31: =ED30-EB31 -> 2228 | EJ31: =((((((EE31+EF31)*30)/$E$50)+((EG31+EH31)/$E$51))+(EJ30*EK30))-(EI31*EJ30))/(EK31) -> 2.4535619 | EK31: =EK30-EI31 -> 2228
A32: 29 | B32: 5 | E32: 20 | G32: =((((((B32+C32)*30)/$E$50)+((D32+E32)/$E$51))+(G31*H31))-(F32*G31))/(H32) -> 2.251346 | H32: =H31-F32 -> 2232 | N32: =((((((I32+J32)*30)/$E$50)+((K32+L32)/$E$51))+(N31*O31))-(M32*N31))/(O32) -> 2.4535619 | O32: =O31-M32 -> 2228 | U32: =((((((P32+Q32)*30)/$E$50)+((R32+S32)/$E$51))+(U31*V31))-(T32*U31))/(V32) -> 2.4535619 | V32: =V31-T32 -> 2228 | AB32: =((((((W32+X32)*30)/$E$50)+((Y32+Z32)/$E$51))+(AB31*AC31))-(AA32*AB31))/(AC32) -> 2.4535619 | AC32: =AC31-AA32 -> 2228 | AI32: =((((((AD32+AE32)*30)/$E$50)+((AF32+AG32)/$E$51))+(AI31*AJ31))-(AH32*AI31))/(AJ32) -> 2.4535619 | AJ32: =AJ31-AH32 -> 2228 | AP32: =((((((AK32+AL32)*30)/$E$50)+((AM32+AN32)/$E$51))+(AP31*AQ31))-(AO32*AP31))/(AQ32) -> 2.4535619 | AQ32: =AQ31-AO32 -> 2228 | AW32: =((((((AR32+AS32)*30)/$E$50)+((AT32+AU32)/$E$51))+(AW31*AX31))-(AV32*AW31))/(AX32) -> 2.4535619 | AX32: =AX31-AV32 -> 2228 | BD32: =((((((AY32+AZ32)*30)/$E$50)+((BA32+BB32)/$E$51))+(BD31*BE31))-(BC32*BD31))/(BE32) -> 2.4535619 | BE32: =BE31-BC32 -> 2228 | BK32: =((((((BF32+BG32)*30)/$E$50)+((BH32+BI32)/$E$51))+(BK31*BL31))-(BJ32*BK31))/(BL32) -> 2.4535619 | BL32: =BL31-BJ32 -> 2228 | BR32: =((((((BM32+BN32)*30)/$E$50)+((BO32+BP32)/$E$51))+(BR31*BS31))-(BQ32*BR31))/(BS32) -> 2.4535619 | BS32: =BS31-BQ32 -> 2228 | BY32: =((((((BT32+BU32)*30)/$E$50)+((BV32+BW32)/$E$51))+(BY31*BZ31))-(BX32*BY31))/(BZ32) -> 2.4535619 | BZ32: =BZ31-BX32 -> 2228 | CF32: =((((((CA32+CB32)*30)/$E$50)+((CC32+CD32)/$E$51))+(CF31*CG31))-(CE32*CF31))/(CG32) -> 2.4535619 | CG32: =CG31-CE32 -> 2228 | CM32: =((((((CH32+CI32)*30)/$E$50)+((CJ32+CK32)/$E$51))+(CM31*CN31))-(CL32*CM31))/(CN32) -> 2.4535619 | CN32: =CN31-CL32 -> 2228 | CT32: =((((((CO32+CP32)*30)/$E$50)+((CQ32+CR32)/$E$51))+(CT31*CU31))-(CS32*CT31))/(CU32) -> 2.4535619 | CU32: =CU31-CS32 -> 2228 | DA32: =((((((CV32+CW32)*30)/$E$50)+((CX32+CY32)/$E$51))+(DA31*DB31))-(CZ32*DA31))/(DB32) -> 2.4535619 | DB32: =DB31-CZ32 -> 2228 | DH32: =((((((DC32+DD32)*30)/$E$50)+((DE32+DF32)/$E$51))+(DH31*DI31))-(DG32*DH31))/(DI32) -> 2.4535619 | DI32: =DI31-DG32 -> 2228 | DO32: =((((((DJ32+DK32)*30)/$E$50)+((DL32+DM32)/$E$51))+(DO31*DP31))-(DN32*DO31))/(DP32) -> 2.4535619 | DP32: =DP31-DN32 -> 2228 | DV32: =((((((DQ32+DR32)*30)/$E$50)+((DS32+DT32)/$E$51))+(DV31*DW31))-(DU32*DV31))/(DW32) -> 2.4535619 | DW32: =DW31-DU32 -> 2228 | EC32: =((((((DX32+DY32)*30)/$E$50)+((DZ32+EA32)/$E$51))+(EC31*ED31))-(EB32*EC31))/(ED32) -> 2.4535619 | ED32: =ED31-EB32 -> 2228 | EJ32: =((((((EE32+EF32)*30)/$E$50)+((EG32+EH32)/$E$51))+(EJ31*EK31))-(EI32*EJ31))/(EK32) -> 2.4535619 | EK32: =EK31-EI32 -> 2228
A33: 30 | B33: 3 | E33: 20 | G33: =((((((B33+C33)*30)/$E$50)+((D33+E33)/$E$51))+(G32*H32))-(F33*G32))/(H33) -> 2.2616506 | H33: =H32-F33 -> 2232 | N33: =((((((I33+J33)*30)/$E$50)+((K33+L33)/$E$51))+(N32*O32))-(M33*N32))/(O33) -> 2.4535619 | O33: =O32-M33 -> 2228 | U33: =((((((P33+Q33)*30)/$E$50)+((R33+S33)/$E$51))+(U32*V32))-(T33*U32))/(V33) -> 2.4535619 | V33: =V32-T33 -> 2228 | AB33: =((((((W33+X33)*30)/$E$50)+((Y33+Z33)/$E$51))+(AB32*AC32))-(AA33*AB32))/(AC33) -> 2.4535619 | AC33: =AC32-AA33 -> 2228 | AI33: =((((((AD33+AE33)*30)/$E$50)+((AF33+AG33)/$E$51))+(AI32*AJ32))-(AH33*AI32))/(AJ33) -> 2.4535619 | AJ33: =AJ32-AH33 -> 2228 | AP33: =((((((AK33+AL33)*30)/$E$50)+((AM33+AN33)/$E$51))+(AP32*AQ32))-(AO33*AP32))/(AQ33) -> 2.4535619 | AQ33: =AQ32-AO33 -> 2228 | AW33: =((((((AR33+AS33)*30)/$E$50)+((AT33+AU33)/$E$51))+(AW32*AX32))-(AV33*AW32))/(AX33) -> 2.4535619 | AX33: =AX32-AV33 -> 2228 | BD33: =((((((AY33+AZ33)*30)/$E$50)+((BA33+BB33)/$E$51))+(BD32*BE32))-(BC33*BD32))/(BE33) -> 2.4535619 | BE33: =BE32-BC33 -> 2228 | BK33: =((((((BF33+BG33)*30)/$E$50)+((BH33+BI33)/$E$51))+(BK32*BL32))-(BJ33*BK32))/(BL33) -> 2.4535619 | BL33: =BL32-BJ33 -> 2228 | BR33: =((((((BM33+BN33)*30)/$E$50)+((BO33+BP33)/$E$51))+(BR32*BS32))-(BQ33*BR32))/(BS33) -> 2.4535619 | BS33: =BS32-BQ33 -> 2228 | BY33: =((((((BT33+BU33)*30)/$E$50)+((BV33+BW33)/$E$51))+(BY32*BZ32))-(BX33*BY32))/(BZ33) -> 2.4535619 | BZ33: =BZ32-BX33 -> 2228 | CF33: =((((((CA33+CB33)*30)/$E$50)+((CC33+CD33)/$E$51))+(CF32*CG32))-(CE33*CF32))/(CG33) -> 2.4535619 | CG33: =CG32-CE33 -> 2228 | CM33: =((((((CH33+CI33)*30)/$E$50)+((CJ33+CK33)/$E$51))+(CM32*CN32))-(CL33*CM32))/(CN33) -> 2.4535619 | CN33: =CN32-CL33 -> 2228 | CT33: =((((((CO33+CP33)*30)/$E$50)+((CQ33+CR33)/$E$51))+(CT32*CU32))-(CS33*CT32))/(CU33) -> 2.4535619 | CU33: =CU32-CS33 -> 2228 | DA33: =((((((CV33+CW33)*30)/$E$50)+((CX33+CY33)/$E$51))+(DA32*DB32))-(CZ33*DA32))/(DB33) -> 2.4535619 | DB33: =DB32-CZ33 -> 2228 | DH33: =((((((DC33+DD33)*30)/$E$50)+((DE33+DF33)/$E$51))+(DH32*DI32))-(DG33*DH32))/(DI33) -> 2.4535619 | DI33: =DI32-DG33 -> 2228 | DO33: =((((((DJ33+DK33)*30)/$E$50)+((DL33+DM33)/$E$51))+(DO32*DP32))-(DN33*DO32))/(DP33) -> 2.4535619 | DP33: =DP32-DN33 -> 2228 | DV33: =((((((DQ33+DR33)*30)/$E$50)+((DS33+DT33)/$E$51))+(DV32*DW32))-(DU33*DV32))/(DW33) -> 2.4535619 | DW33: =DW32-DU33 -> 2228 | EC33: =((((((DX33+DY33)*30)/$E$50)+((DZ33+EA33)/$E$51))+(EC32*ED32))-(EB33*EC32))/(ED33) -> 2.4535619 | ED33: =ED32-EB33 -> 2228 | EJ33: =((((((EE33+EF33)*30)/$E$50)+((EG33+EH33)/$E$51))+(EJ32*EK32))-(EI33*EJ32))/(EK33) -> 2.4535619 | EK33: =EK32-EI33 -> 2228
A34: 31 | E34: 20 | G34: =((((((B34+C34)*30)/$E$50)+((D34+E34)/$E$51))+(G33*H33))-(F34*G33))/(H34) -> 2.2652349 | H34: =H33-F34 -> 2232 | N34: =((((((I34+J34)*30)/$E$50)+((K34+L34)/$E$51))+(N33*O33))-(M34*N33))/(O34) -> 2.4535619 | O34: =O33-M34 -> 2228 | U34: =((((((P34+Q34)*30)/$E$50)+((R34+S34)/$E$51))+(U33*V33))-(T34*U33))/(V34) -> 2.4535619 | V34: =V33-T34 -> 2228 | AB34: =((((((W34+X34)*30)/$E$50)+((Y34+Z34)/$E$51))+(AB33*AC33))-(AA34*AB33))/(AC34) -> 2.4535619 | AC34: =AC33-AA34 -> 2228 | AI34: =((((((AD34+AE34)*30)/$E$50)+((AF34+AG34)/$E$51))+(AI33*AJ33))-(AH34*AI33))/(AJ34) -> 2.4535619 | AJ34: =AJ33-AH34 -> 2228 | AP34: =((((((AK34+AL34)*30)/$E$50)+((AM34+AN34)/$E$51))+(AP33*AQ33))-(AO34*AP33))/(AQ34) -> 2.4535619 | AQ34: =AQ33-AO34 -> 2228 | AW34: =((((((AR34+AS34)*30)/$E$50)+((AT34+AU34)/$E$51))+(AW33*AX33))-(AV34*AW33))/(AX34) -> 2.4535619 | AX34: =AX33-AV34 -> 2228 | BD34: =((((((AY34+AZ34)*30)/$E$50)+((BA34+BB34)/$E$51))+(BD33*BE33))-(BC34*BD33))/(BE34) -> 2.4535619 | BE34: =BE33-BC34 -> 2228 | BK34: =((((((BF34+BG34)*30)/$E$50)+((BH34+BI34)/$E$51))+(BK33*BL33))-(BJ34*BK33))/(BL34) -> 2.4535619 | BL34: =BL33-BJ34 -> 2228 | BR34: =((((((BM34+BN34)*30)/$E$50)+((BO34+BP34)/$E$51))+(BR33*BS33))-(BQ34*BR33))/(BS34) -> 2.4535619 | BS34: =BS33-BQ34 -> 2228 | BY34: =((((((BT34+BU34)*30)/$E$50)+((BV34+BW34)/$E$51))+(BY33*BZ33))-(BX34*BY33))/(BZ34) -> 2.4535619 | BZ34: =BZ33-BX34 -> 2228 | CF34: =((((((CA34+CB34)*30)/$E$50)+((CC34+CD34)/$E$51))+(CF33*CG33))-(CE34*CF33))/(CG34) -> 2.4535619 | CG34: =CG33-CE34 -> 2228 | CM34: =((((((CH34+CI34)*30)/$E$50)+((CJ34+CK34)/$E$51))+(CM33*CN33))-(CL34*CM33))/(CN34) -> 2.4535619 | CN34: =CN33-CL34 -> 2228 | CT34: =((((((CO34+CP34)*30)/$E$50)+((CQ34+CR34)/$E$51))+(CT33*CU33))-(CS34*CT33))/(CU34) -> 2.4535619 | CU34: =CU33-CS34 -> 2228 | DA34: =((((((CV34+CW34)*30)/$E$50)+((CX34+CY34)/$E$51))+(DA33*DB33))-(CZ34*DA33))/(DB34) -> 2.4535619 | DB34: =DB33-CZ34 -> 2228 | DH34: =((((((DC34+DD34)*30)/$E$50)+((DE34+DF34)/$E$51))+(DH33*DI33))-(DG34*DH33))/(DI34) -> 2.4535619 | DI34: =DI33-DG34 -> 2228 | DO34: =((((((DJ34+DK34)*30)/$E$50)+((DL34+DM34)/$E$51))+(DO33*DP33))-(DN34*DO33))/(DP34) -> 2.4535619 | DP34: =DP33-DN34 -> 2228 | DV34: =((((((DQ34+DR34)*30)/$E$50)+((DS34+DT34)/$E$51))+(DV33*DW33))-(DU34*DV33))/(DW34) -> 2.4535619 | DW34: =DW33-DU34 -> 2228 | EC34: =((((((DX34+DY34)*30)/$E$50)+((DZ34+EA34)/$E$51))+(EC33*ED33))-(EB34*EC33))/(ED34) -> 2.4535619 | ED34: =ED33-EB34 -> 2228 | EJ34: =((((((EE34+EF34)*30)/$E$50)+((EG34+EH34)/$E$51))+(EJ33*EK33))-(EI34*EJ33))/(EK34) -> 2.4535619 | EK34: =EK33-EI34 -> 2228
A35: รวม | B35: =SUM(B4:B34) -> 87 | C35: =SUM(C4:C34) -> 0 | D35: =SUM(D4:D34) -> 20 | E35: =SUM(E4:E34) -> 670 | F35: =SUM(F4:F34) -> 3 | G35: 1.947 | H35: 2235 | I35: =SUM(I4:I34) -> 64 | J35: =SUM(J4:J34) -> 0 | K35: =SUM(K4:K34) -> 0 | L35: =SUM(L4:L34) -> 250 | M35: =SUM(M4:M34) -> 4 | P35: =SUM(P4:P34) -> 0 | Q35: =SUM(Q4:Q34) -> 0 | R35: =SUM(R4:R34) -> 0 | S35: =SUM(S4:S34) -> 0 | T35: =SUM(T4:T34) -> 0 | W35: =SUM(W4:W34) -> 0 | X35: =SUM(X4:X34) -> 0 | Y35: =SUM(Y4:Y34) -> 0 | Z35: =SUM(Z4:Z34) -> 0 | AA35: =SUM(AA4:AA34) -> 0 | AD35: =SUM(AD4:AD34) -> 0 | AE35: =SUM(AE4:AE34) -> 0 | AF35: =SUM(AF4:AF34) -> 0 | AG35: =SUM(AG4:AG34) -> 0 | AH35: =SUM(AH4:AH34) -> 0 | AK35: =SUM(AK4:AK34) -> 0 | AL35: =SUM(AL4:AL34) -> 0 | AM35: =SUM(AM4:AM34) -> 0 | AN35: =SUM(AN4:AN34) -> 0 | AO35: =SUM(AO4:AO34) -> 0 | AR35: =SUM(AR4:AR34) -> 0 | AS35: =SUM(AS4:AS34) -> 0 | AT35: =SUM(AT4:AT34) -> 0 | AU35: =SUM(AU4:AU34) -> 0 | AV35: =SUM(AV4:AV34) -> 0 | AY35: =SUM(AY4:AY34) -> 0 | AZ35: =SUM(AZ4:AZ34) -> 0 | BA35: =SUM(BA4:BA34) -> 0 | BB35: =SUM(BB4:BB34) -> 0 | BC35: =SUM(BC4:BC34) -> 0 | BF35: =SUM(BF4:BF34) -> 0 | BG35: =SUM(BG4:BG34) -> 0 | BH35: =SUM(BH4:BH34) -> 0 | BI35: =SUM(BI4:BI34) -> 0 | BJ35: =SUM(BJ4:BJ34) -> 0 | BM35: =SUM(BM4:BM34) -> 0 | BN35: =SUM(BN4:BN34) -> 0 | BO35: =SUM(BO4:BO34) -> 0 | BP35: =SUM(BP4:BP34) -> 0 | BQ35: =SUM(BQ4:BQ34) -> 0 | BT35: =SUM(BT4:BT34) -> 0 | BU35: =SUM(BU4:BU34) -> 0 | BV35: =SUM(BV4:BV34) -> 0 | BW35: =SUM(BW4:BW34) -> 0 | BX35: =SUM(BX4:BX34) -> 0 | CA35: =SUM(CA4:CA34) -> 0 | CB35: =SUM(CB4:CB34) -> 0 | CC35: =SUM(CC4:CC34) -> 0 | CD35: =SUM(CD4:CD34) -> 0 | CE35: =SUM(CE4:CE34) -> 0 | CH35: =SUM(CH4:CH34) -> 0 | CI35: =SUM(CI4:CI34) -> 0 | CJ35: =SUM(CJ4:CJ34) -> 0 | CK35: =SUM(CK4:CK34) -> 0 | CL35: =SUM(CL4:CL34) -> 0 | CO35: =SUM(CO4:CO34) -> 0 | CP35: =SUM(CP4:CP34) -> 0 | CQ35: =SUM(CQ4:CQ34) -> 0 | CR35: =SUM(CR4:CR34) -> 0 | CS35: =SUM(CS4:CS34) -> 0 | CV35: =SUM(CV4:CV34) -> 0 | CW35: =SUM(CW4:CW34) -> 0 | CX35: =SUM(CX4:CX34) -> 0 | CY35: =SUM(CY4:CY34) -> 0 | CZ35: =SUM(CZ4:CZ34) -> 0 | DC35: =SUM(DC4:DC34) -> 0 | DD35: =SUM(DD4:DD34) -> 0 | DE35: =SUM(DE4:DE34) -> 0 | DF35: =SUM(DF4:DF34) -> 0 | DG35: =SUM(DG4:DG34) -> 0 | DJ35: =SUM(DJ4:DJ34) -> 0 | DK35: =SUM(DK4:DK34) -> 0 | DL35: =SUM(DL4:DL34) -> 0 | DM35: =SUM(DM4:DM34) -> 0 | DN35: =SUM(DN4:DN34) -> 0 | DQ35: =SUM(DQ4:DQ34) -> 0 | DR35: =SUM(DR4:DR34) -> 0 | DS35: =SUM(DS4:DS34) -> 0 | DT35: =SUM(DT4:DT34) -> 0 | DU35: =SUM(DU4:DU34) -> 0 | DX35: =SUM(DX4:DX34) -> 0 | DY35: =SUM(DY4:DY34) -> 0 | DZ35: =SUM(DZ4:DZ34) -> 0 | EA35: =SUM(EA4:EA34) -> 0 | EB35: =SUM(EB4:EB34) -> 0 | EE35: =SUM(EE4:EE34) -> 0 | EF35: =SUM(EF4:EF34) -> 0 | EG35: =SUM(EG4:EG34) -> 0 | EH35: =SUM(EH4:EH34) -> 0 | EI35: =SUM(EI4:EI34) -> 0
A36: รวม | B36: =+SUM(B35:C35) -> 87 | D36: =+SUM(D35:E35) -> 690 | F36: =+F35 -> 3 | I36: =+SUM(I35:J35) -> 64 | K36: =+SUM(K35:L35) -> 250 | M36: =+M35 -> 4 | P36: =+SUM(P35:Q35) -> 0 | R36: =+SUM(R35:S35) -> 0 | T36: =+T35 -> 0 | W36: =+SUM(W35:X35) -> 0 | Y36: =+SUM(Y35:Z35) -> 0 | AA36: =+AA35 -> 0 | AD36: =+SUM(AD35:AE35) -> 0 | AF36: =+SUM(AF35:AG35) -> 0 | AH36: =+AH35 -> 0 | AK36: =+SUM(AK35:AL35) -> 0 | AM36: =+SUM(AM35:AN35) -> 0 | AO36: =+AO35 -> 0 | AR36: =+SUM(AR35:AS35) -> 0 | AT36: =+SUM(AT35:AU35) -> 0 | AV36: =+AV35 -> 0 | AY36: =+SUM(AY35:AZ35) -> 0 | BA36: =+SUM(BA35:BB35) -> 0 | BC36: =+BC35 -> 0 | BF36: =+SUM(BF35:BG35) -> 0 | BH36: =+SUM(BH35:BI35) -> 0 | BJ36: =+BJ35 -> 0 | BM36: =+SUM(BM35:BN35) -> 0 | BO36: =+SUM(BO35:BP35) -> 0 | BQ36: =+BQ35 -> 0 | BT36: =+SUM(BT35:BU35) -> 0 | BV36: =+SUM(BV35:BW35) -> 0 | BX36: =+BX35 -> 0 | CA36: =+SUM(CA35:CB35) -> 0 | CC36: =+SUM(CC35:CD35) -> 0 | CE36: =+CE35 -> 0 | CH36: =+SUM(CH35:CI35) -> 0 | CJ36: =+SUM(CJ35:CK35) -> 0 | CL36: =+CL35 -> 0 | CO36: =+SUM(CO35:CP35) -> 0 | CQ36: =+SUM(CQ35:CR35) -> 0 | CS36: =+CS35 -> 0 | CV36: =+SUM(CV35:CW35) -> 0 | CX36: =+SUM(CX35:CY35) -> 0 | CZ36: =+CZ35 -> 0 | DC36: =+SUM(DC35:DD35) -> 0 | DE36: =+SUM(DE35:DF35) -> 0 | DG36: =+DG35 -> 0 | DJ36: =+SUM(DJ35:DK35) -> 0 | DL36: =+SUM(DL35:DM35) -> 0 | DN36: =+DN35 -> 0 | DQ36: =+SUM(DQ35:DR35) -> 0 | DS36: =+SUM(DS35:DT35) -> 0 | DU36: =+DU35 -> 0 | DX36: =+SUM(DX35:DY35) -> 0 | DZ36: =+SUM(DZ35:EA35) -> 0 | EB36: =+EB35 -> 0 | EE36: =+SUM(EE35:EF35) -> 0 | EG36: =+SUM(EG35:EH35) -> 0 | EI36: =+EI35 -> 0
C41: หัวข้อ | E41: จำนวนกิน | I41: ยอดเดิม | L41: ยอดรวม | P41: น้ำหนักปัจจุบัน | T41: จำนวนตัวปัจจุบัน
C42: เหยื่อ | E42: =(+B36+I36+N36+S36+X36+AC36+AH36+AM36+AR36+AW36+BB36+BG36)*30 -> 4530 | I42: 2505 | L42: =+E42+I42 -> 7035 | P42: =EJ34 -> 2.4535619 | T42: =EK34 -> 2228
C43: อาหาร | E43: =+D36+K36+P36+U36+Z36+AE36+AJ36+AO36+AT36+AY36+BD36+BI36 -> 940 | I43: 5370 | L43: =+E43+I43 -> 6310
C44: ตาย | E44: =F36+M36+T36+AA36+AH36+AO36+AV36+BC36+BJ36+BQ36+BX36+CE36+CL36+CS36+CZ36+DG36+DN36+DU36+EB36+EI36 -> 7 | I44: 165 | L44: =+E44+I44 -> 172
C46: วันที่เริ่มลงปลา | F46: วันที่ขึ้นปลา | I46: จำนวนวันปัจจุบัน | L46: จำนวนวันที่เลี้ยง | O46: สถานะ | U46: ขึ้นปลาแล้ว
C47: 40946 | I47: =DATEDIF(C47,TODAY(),"y")&" ปี "&DATEDIF(C47,TODAY(),"ym")&" เดือน "&DATEDIF(C47,TODAY(),"md")&" วัน" -> 14 ปี 1 เดือน 26 วัน | L47: =DATEDIF(C47,F47,"y")&" ปี "&DATEDIF(C47,F47,"ym")&" เดือน "&DATEDIF(C47,F47,"md")&" วัน" -> #NUM! | O47: เลี้ยงอยู่ | U47: เลี้ยงอยู่
C49: อัตราแลกเนื้อ
C50: เหยื่อ | E50: 6
C51: อาหาร | E51: 2.5
C54: ขึ้นปลา บ่อ……….
C55: ไซต์ | F55: น้ำหนัก | I55: ราคา/กก. | L55: ราคารวม(บาท) | O55: จำนวนปลา
L56: =F56*I56 -> 0
L57: =F57*I57 -> 0
L58: =F58*I58 -> 0
L59: =F59*I59 -> 0
L60: =F60*I60 -> 0
L61: =F61*I61 -> 0
L62: =F62*I62 -> 0
L63: =F63*I63 -> 0
L64: =F64*I64 -> 0
C65: รวม | F65: =SUM(F56:H64) -> 0 | I65: =SUM(I56:K64) -> 0 | L65: =SUM(L56:N64) -> 0
C68: Note:

Sheet 1ญ
A1: วันที่ | B1: 25020 | I1: 25051 | P1: 25082 | W1: 25112 | AD1: 25143 | AK1: 25173 | AR1: 25204 | AY1: 25235 | BF1: 25263
B2: เหยื่อ | D2: อาหาร | F2: ตาย | G2: นน.ตัว | H2: จำนวนปลา | I2: เหยื่อ | K2: อาหาร | M2: ตาย | N2: นน.ตัว | O2: จำนวนปลา | P2: เหยื่อ | R2: อาหาร | T2: ตาย | U2: นน.ตัว | V2: จำนวนปลา | W2: เหยื่อ | Y2: อาหาร | AA2: ตาย | AB2: นน.ตัว | AC2: จำนวนปลา | AD2: เหยื่อ | AF2: อาหาร | AH2: ตาย | AI2: นน.ตัว | AJ2: จำนวนปลา | AK2: เหยื่อ | AM2: อาหาร | AO2: ตาย | AP2: นน.ตัว | AQ2: จำนวนปลา | AR2: เหยื่อ | AT2: อาหาร | AV2: ตาย | AW2: นน.ตัว | AX2: จำนวนปลา | AY2: เหยื่อ | BA2: อาหาร | BC2: ตาย | BD2: นน.ตัว | BE2: จำนวนปลา | BF2: เหยื่อ | BH2: อาหาร | BJ2: ตาย | BK2: นน.ตัว | BL2: จำนวนปลา | BM2: เหยื่อ | BO2: อาหาร | BQ2: ตาย | BR2: นน.ตัว | BS2: จำนวนปลา | BT2: เหยื่อ | BV2: อาหาร | BX2: ตาย | BY2: นน.ตัว | BZ2: จำนวนปลา | CA2: เหยื่อ | CC2: อาหาร | CE2: ตาย | CF2: นน.ตัว | CG2: จำนวนปลา | CH2: เหยื่อ | CJ2: อาหาร | CL2: ตาย | CM2: นน.ตัว | CN2: จำนวนปลา | CO2: เหยื่อ | CQ2: อาหาร | CS2: ตาย | CT2: นน.ตัว | CU2: จำนวนปลา | CV2: เหยื่อ | CX2: อาหาร | CZ2: ตาย | DA2: นน.ตัว | DB2: จำนวนปลา | DC2: เหยื่อ | DE2: อาหาร | DG2: ตาย | DH2: นน.ตัว | DI2: จำนวนปลา | DJ2: เหยื่อ | DL2: อาหาร | DN2: ตาย | DO2: นน.ตัว | DP2: จำนวนปลา | DQ2: เหยื่อ | DS2: อาหาร | DU2: ตาย | DV2: นน.ตัว | DW2: จำนวนปลา | DX2: เหยื่อ | DZ2: อาหาร | EB2: ตาย | EC2: นน.ตัว | ED2: จำนวนปลา | EE2: เหยื่อ | EG2: อาหาร | EI2: ตาย | EJ2: นน.ตัว | EK2: จำนวนปลา | EL2: เหยื่อ | EN2: อาหาร | EP2: ตาย | EQ2: นน.ตัว | ER2: จำนวนปลา | ES2: เหยื่อ | EU2: อาหาร | EW2: ตาย | EX2: นน.ตัว | EY2: จำนวนปลา | EZ2: เหยื่อ | FB2: อาหาร | FD2: ตาย | FE2: นน.ตัว | FF2: จำนวนปลา | FG2: เหยื่อ | FI2: อาหาร | FK2: ตาย | FL2: นน.ตัว | FM2: จำนวนปลา | FN2: เหยื่อ | FP2: อาหาร | FR2: ตาย | FS2: นน.ตัว | FT2: จำนวนปลา | FU2: เหยื่อ | FW2: อาหาร | FY2: ตาย | FZ2: นน.ตัว | GA2: จำนวนปลา | GB2: เหยื่อ | GD2: อาหาร | GF2: ตาย | GG2: นน.ตัว | GH2: จำนวนปลา | GI2: เหยื่อ | GK2: อาหาร | GM2: ตาย | GN2: นน.ตัว | GO2: จำนวนปลา | GP2: เหยื่อ | GR2: อาหาร | GT2: ตาย | GU2: นน.ตัว | GV2: จำนวนปลา
A3: =TODAY() -> 46114 | B3: เช้า | C3: เย็น | D3: เช้า | E3: เย็น | I3: เช้า | J3: เย็น | K3: เช้า | L3: เย็น | P3: เช้า | Q3: เย็น | R3: เช้า | S3: เย็น | W3: เช้า | X3: เย็น | Y3: เช้า | Z3: เย็น | AD3: เช้า | AE3: เย็น | AF3: เช้า | AG3: เย็น | AK3: เช้า | AL3: เย็น | AM3: เช้า | AN3: เย็น | AR3: เช้า | AS3: เย็น | AT3: เช้า | AU3: เย็น | AY3: เช้า | AZ3: เย็น | BA3: เช้า | BB3: เย็น | BF3: เช้า | BG3: เย็น | BH3: เช้า | BI3: เย็น | BM3: เช้า | BN3: เย็น | BO3: เช้า | BP3: เย็น | BT3: เช้า | BU3: เย็น | BV3: เช้า | BW3: เย็น | CA3: เช้า | CB3: เย็น | CC3: เช้า | CD3: เย็น | CH3: เช้า | CI3: เย็น | CJ3: เช้า | CK3: เย็น | CO3: เช้า | CP3: เย็น | CQ3: เช้า | CR3: เย็น | CV3: เช้า | CW3: เย็น | CX3: เช้า | CY3: เย็น | DC3: เช้า | DD3: เย็น | DE3: เช้า | DF3: เย็น | DJ3: เช้า | DK3: เย็น | DL3: เช้า | DM3: เย็น | DQ3: เช้า | DR3: เย็น | DS3: เช้า | DT3: เย็น | DX3: เช้า | DY3: เย็น | DZ3: เช้า | EA3: เย็น | EE3: เช้า | EF3: เย็น | EG3: เช้า | EH3: เย็น | EL3: เช้า | EM3: เย็น | EN3: เช้า | EO3: เย็น | ES3: เช้า | ET3: เย็น | EU3: เช้า | EV3: เย็น | EZ3: เช้า | FA3: เย็น | FB3: เช้า | FC3: เย็น | FG3: เช้า | FH3: เย็น | FI3: เช้า | FJ3: เย็น | FN3: เช้า | FO3: เย็น | FP3: เช้า | FQ3: เย็น | FU3: เช้า | FV3: เย็น | FW3: เช้า | FX3: เย็น | GB3: เช้า | GC3: เย็น | GD3: เช้า | GE3: เย็น | GI3: เช้า | GJ3: เย็น | GK3: เช้า | GL3: เย็น | GP3: เช้า | GQ3: เย็น | GR3: เช้า | GS3: เย็น
A4: 1 | G4: =((((((B4+C4)*30)/$E$50)+((D4+E4)/$E$51))+($G$35*$H$35))-(F4*$G$35))/($H$35-F4) -> 1.1 | H4: =$H$35-F4 -> 2400 | K4: 10 | M4: 10 | N4: =((((((I4+J4)*30)/$E$50)+((K4+L4)/$E$51))+(G34*H34))-(F34*G34))/(O4) -> 1.1066946 | O4: =H34-M4 -> 2390 | P4: 2 | R4: 20 | U4: =((((((P4+Q4)*30)/$E$50)+((R4+S4)/$E$51))+(N34*O34))-(M34*N34))/(V4) -> 1.2919593 | V4: =O34-T4 -> 2340 | Y4: 20 | AB4: =((((((W4+X4)*30)/$E$50)+((Y4+Z4)/$E$51))+(U34*V34))-(T34*U34))/(AC4) -> 1.5125379 | AC4: =V34-AA4 -> 2340 | AI4: =((((((AD4+AE4)*30)/$E$50)+((AF4+AG4)/$E$51))+(AB34*AC34))-(AA34*AB34))/(AJ4) -> 1.6606312 | AJ4: =AC34-AH4 -> 2340 | AK4: 2 | AP4: =((((((AK4+AL4)*30)/$E$50)+((AM4+AN4)/$E$51))+(AI34*AJ34))-(AH34*AI34))/(AQ4) -> 1.7743722 | AQ4: =AJ34-AO4 -> 2340 | AW4: =((((((AR4+AS4)*30)/$E$50)+((AT4+AU4)/$E$51))+(AP34*AQ34))-(AO34*AP34))/(AX4) -> 1.904221 | AX4: =AQ34-AV4 -> 2340 | BA4: 20 | BC4: 4 | BD4: =((((((AY4+AZ4)*30)/$E$50)+((BA4+BB4)/$E$51))+(AW34*AX34))-(AV34*AW34))/(BE4) -> 2.063073 | BE4: =AX34-BC4 -> 2336 | BF4: 3 | BK4: =((((((BF4+BG4)*30)/$E$50)+((BH4+BI4)/$E$51))+(BD34*BE34))-(BC34*BD34))/(BL4) -> 2.210731 | BL4: =BE34-BJ4 -> 2227 | BR4: =((((((BM4+BN4)*30)/$E$50)+((BO4+BP4)/$E$51))+(BK34*BL34))-(BJ34*BK34))/(BS4) -> 2.426613 | BS4: =BL34-BQ4 -> 2227 | BY4: =((((((BT4+BU4)*30)/$E$50)+((BV4+BW4)/$E$51))+(BR34*BS34))-(BQ34*BR34))/(BZ4) -> 2.426613 | BZ4: =BS34-BX4 -> 2227 | CF4: =((((((CA4+CB4)*30)/$E$50)+((CC4+CD4)/$E$51))+(BY34*BZ34))-(BX34*BY34))/(CG4) -> 2.426613 | CG4: =BZ34-CE4 -> 2227 | CM4: =((((((CH4+CI4)*30)/$E$50)+((CJ4+CK4)/$E$51))+(CF34*CG34))-(CE34*CF34))/(CN4) -> 2.426613 | CN4: =CG34-CL4 -> 2227 | CT4: =((((((CO4+CP4)*30)/$E$50)+((CQ4+CR4)/$E$51))+(CM34*CN34))-(CL34*CM34))/(CU4) -> 2.426613 | CU4: =CN34-CS4 -> 2227 | DA4: =((((((CV4+CW4)*30)/$E$50)+((CX4+CY4)/$E$51))+(CT34*CU34))-(CS34*CT34))/(DB4) -> 2.426613 | DB4: =CU34-CZ4 -> 2227 | DH4: =((((((DC4+DD4)*30)/$E$50)+((DE4+DF4)/$E$51))+(DA34*DB34))-(CZ34*DA34))/(DI4) -> 2.426613 | DI4: =DB34-DG4 -> 2227 | DO4: =((((((DJ4+DK4)*30)/$E$50)+((DL4+DM4)/$E$51))+(DH34*DI34))-(DG34*DH34))/(DP4) -> 2.426613 | DP4: =DI34-DN4 -> 2227 | DV4: =((((((DQ4+DR4)*30)/$E$50)+((DS4+DT4)/$E$51))+(DO34*DP34))-(DN34*DO34))/(DW4) -> 2.426613 | DW4: =DP34-DU4 -> 2227 | EC4: =((((((DX4+DY4)*30)/$E$50)+((DZ4+EA4)/$E$51))+(DV34*DW34))-(DU34*DV34))/(ED4) -> 2.426613 | ED4: =DW34-EB4 -> 2227 | EJ4: =((((((EE4+EF4)*30)/$E$50)+((EG4+EH4)/$E$51))+(EC34*ED34))-(EB34*EC34))/(EK4) -> 2.426613 | EK4: =ED34-EI4 -> 2227 | EQ4: =((((((EL4+EM4)*30)/$E$50)+((EN4+EO4)/$E$51))+(EJ34*EK34))-(EI34*EJ34))/(ER4) -> 2.426613 | ER4: =EK34-EP4 -> 2227 | EX4: =((((((ES4+ET4)*30)/$E$50)+((EU4+EV4)/$E$51))+(EQ34*ER34))-(EP34*EQ34))/(EY4) -> 2.426613 | EY4: =ER34-EW4 -> 2227 | FE4: =((((((EZ4+FA4)*30)/$E$50)+((FB4+FC4)/$E$51))+(EX34*EY34))-(EW34*EX34))/(FF4) -> 2.426613 | FF4: =EY34-FD4 -> 2227 | FL4: =((((((FG4+FH4)*30)/$E$50)+((FI4+FJ4)/$E$51))+(FE34*FF34))-(FD34*FE34))/(FM4) -> 2.426613 | FM4: =FF34-FK4 -> 2227 | FS4: =((((((FN4+FO4)*30)/$E$50)+((FP4+FQ4)/$E$51))+(FL34*FM34))-(FK34*FL34))/(FT4) -> 2.426613 | FT4: =FM34-FR4 -> 2227 | FZ4: =((((((FU4+FV4)*30)/$E$50)+((FW4+FX4)/$E$51))+(FS34*FT34))-(FR34*FS34))/(GA4) -> 2.426613 | GA4: =FT34-FY4 -> 2227 | GG4: =((((((GB4+GC4)*30)/$E$50)+((GD4+GE4)/$E$51))+(FZ34*GA34))-(FY34*FZ34))/(GH4) -> 2.426613 | GH4: =GA34-GF4 -> 2227 | GN4: =((((((GI4+GJ4)*30)/$E$50)+((GK4+GL4)/$E$51))+(GG34*GH34))-(GF34*GG34))/(GO4) -> 2.426613 | GO4: =GH34-GM4 -> 2227 | GU4: =((((((GP4+GQ4)*30)/$E$50)+((GR4+GS4)/$E$51))+(GN34*GO34))-(GM34*GN34))/(GV4) -> 2.426613 | GV4: =GO34-GT4 -> 2227
A5: 2 | G5: =((((((B5+C5)*30)/$E$50)+((D5+E5)/$E$51))+(G4*H4))-(F5*G4))/(H5) -> 1.1 | H5: =H4-F5 -> 2400 | K5: 10 | M5: 12 | N5: =((((((I5+J5)*30)/$E$50)+((K5+L5)/$E$51))+(N4*O4))-(M5*N4))/(O5) -> 1.1087972 | O5: =O4-M5 -> 2378 | P5: 1 | R5: 20 | U5: =((((((P5+Q5)*30)/$E$50)+((R5+S5)/$E$51))+(U4*V4))-(T5*U4))/(V5) -> 1.2982052 | V5: =V4-T5 -> 2340 | W5: 1 | Y5: 20 | AB5: =((((((W5+X5)*30)/$E$50)+((Y5+Z5)/$E$51))+(AB4*AC4))-(AA5*AB4))/(AC5) -> 1.5187838 | AC5: =AC4-AA5 -> 2340 | AD5: 3 | AI5: =((((((AD5+AE5)*30)/$E$50)+((AF5+AG5)/$E$51))+(AI4*AJ4))-(AH5*AI4))/(AJ5) -> 1.6665484 | AJ5: =AJ4-AH5 -> 2340 | AP5: =((((((AK5+AL5)*30)/$E$50)+((AM5+AN5)/$E$51))+(AP4*AQ4))-(AO5*AP4))/(AQ5) -> 1.7743722 | AQ5: =AQ4-AO5 -> 2340 | AT5: 20 | AW5: =((((((AR5+AS5)*30)/$E$50)+((AT5+AU5)/$E$51))+(AW4*AX4))-(AV5*AW4))/(AX5) -> 1.9084945 | AX5: =AX4-AV5 -> 2340 | BA5: 20 | BC5: 7 | BD5: =((((((AY5+AZ5)*30)/$E$50)+((BA5+BB5)/$E$51))+(BD4*BE4))-(BC5*BD4))/(BE5) -> 2.0673667 | BE5: =BE4-BC5 -> 2329 | BF5: 3 | BK5: =((((((BF5+BG5)*30)/$E$50)+((BH5+BI5)/$E$51))+(BK4*BL4))-(BJ5*BK4))/(BL5) -> 2.2169484 | BL5: =BL4-BJ5 -> 2227 | BR5: =((((((BM5+BN5)*30)/$E$50)+((BO5+BP5)/$E$51))+(BR4*BS4))-(BQ5*BR4))/(BS5) -> 2.426613 | BS5: =BS4-BQ5 -> 2227 | BY5: =((((((BT5+BU5)*30)/$E$50)+((BV5+BW5)/$E$51))+(BY4*BZ4))-(BX5*BY4))/(BZ5) -> 2.426613 | BZ5: =BZ4-BX5 -> 2227 | CF5: =((((((CA5+CB5)*30)/$E$50)+((CC5+CD5)/$E$51))+(CF4*CG4))-(CE5*CF4))/(CG5) -> 2.426613 | CG5: =CG4-CE5 -> 2227 | CM5: =((((((CH5+CI5)*30)/$E$50)+((CJ5+CK5)/$E$51))+(CM4*CN4))-(CL5*CM4))/(CN5) -> 2.426613 | CN5: =CN4-CL5 -> 2227 | CT5: =((((((CO5+CP5)*30)/$E$50)+((CQ5+CR5)/$E$51))+(CT4*CU4))-(CS5*CT4))/(CU5) -> 2.426613 | CU5: =CU4-CS5 -> 2227 | DA5: =((((((CV5+CW5)*30)/$E$50)+((CX5+CY5)/$E$51))+(DA4*DB4))-(CZ5*DA4))/(DB5) -> 2.426613 | DB5: =DB4-CZ5 -> 2227 | DH5: =((((((DC5+DD5)*30)/$E$50)+((DE5+DF5)/$E$51))+(DH4*DI4))-(DG5*DH4))/(DI5) -> 2.426613 | DI5: =DI4-DG5 -> 2227 | DO5: =((((((DJ5+DK5)*30)/$E$50)+((DL5+DM5)/$E$51))+(DO4*DP4))-(DN5*DO4))/(DP5) -> 2.426613 | DP5: =DP4-DN5 -> 2227 | DV5: =((((((DQ5+DR5)*30)/$E$50)+((DS5+DT5)/$E$51))+(DV4*DW4))-(DU5*DV4))/(DW5) -> 2.426613 | DW5: =DW4-DU5 -> 2227 | EC5: =((((((DX5+DY5)*30)/$E$50)+((DZ5+EA5)/$E$51))+(EC4*ED4))-(EB5*EC4))/(ED5) -> 2.426613 | ED5: =ED4-EB5 -> 2227 | EJ5: =((((((EE5+EF5)*30)/$E$50)+((EG5+EH5)/$E$51))+(EJ4*EK4))-(EI5*EJ4))/(EK5) -> 2.426613 | EK5: =EK4-EI5 -> 2227 | EQ5: =((((((EL5+EM5)*30)/$E$50)+((EN5+EO5)/$E$51))+(EQ4*ER4))-(EP5*EQ4))/(ER5) -> 2.426613 | ER5: =ER4-EP5 -> 2227 | EX5: =((((((ES5+ET5)*30)/$E$50)+((EU5+EV5)/$E$51))+(EX4*EY4))-(EW5*EX4))/(EY5) -> 2.426613 | EY5: =EY4-EW5 -> 2227 | FE5: =((((((EZ5+FA5)*30)/$E$50)+((FB5+FC5)/$E$51))+(FE4*FF4))-(FD5*FE4))/(FF5) -> 2.426613 | FF5: =FF4-FD5 -> 2227 | FL5: =((((((FG5+FH5)*30)/$E$50)+((FI5+FJ5)/$E$51))+(FL4*FM4))-(FK5*FL4))/(FM5) -> 2.426613 | FM5: =FM4-FK5 -> 2227 | FS5: =((((((FN5+FO5)*30)/$E$50)+((FP5+FQ5)/$E$51))+(FS4*FT4))-(FR5*FS4))/(FT5) -> 2.426613 | FT5: =FT4-FR5 -> 2227 | FZ5: =((((((FU5+FV5)*30)/$E$50)+((FW5+FX5)/$E$51))+(FZ4*GA4))-(FY5*FZ4))/(GA5) -> 2.426613 | GA5: =GA4-FY5 -> 2227 | GG5: =((((((GB5+GC5)*30)/$E$50)+((GD5+GE5)/$E$51))+(GG4*GH4))-(GF5*GG4))/(GH5) -> 2.426613 | GH5: =GH4-GF5 -> 2227 | GN5: =((((((GI5+GJ5)*30)/$E$50)+((GK5+GL5)/$E$51))+(GN4*GO4))-(GM5*GN4))/(GO5) -> 2.426613 | GO5: =GO4-GM5 -> 2227 | GU5: =((((((GP5+GQ5)*30)/$E$50)+((GR5+GS5)/$E$51))+(GU4*GV4))-(GT5*GU4))/(GV5) -> 2.426613 | GV5: =GV4-GT5 -> 2227
A6: 3 | G6: =((((((B6+C6)*30)/$E$50)+((D6+E6)/$E$51))+(G5*H5))-(F6*G5))/H5 -> 1.1 | H6: =H5-F6 -> 2400 | I6: 1 | K6: 10 | M6: 13 | N6: =((((((I6+J6)*30)/$E$50)+((K6+L6)/$E$51))+(N5*O5))-(M6*N5))/(O6) -> 1.1128629 | O6: =O5-M6 -> 2365 | R6: 20 | U6: =((((((P6+Q6)*30)/$E$50)+((R6+S6)/$E$51))+(U5*V5))-(T6*U5))/(V6) -> 1.3024787 | V6: =V5-T6 -> 2340 | W6: 1 | Y6: 20 | AB6: =((((((W6+X6)*30)/$E$50)+((Y6+Z6)/$E$51))+(AB5*AC5))-(AA6*AB5))/(AC6) -> 1.5250296 | AC6: =AC5-AA6 -> 2340 | AI6: =((((((AD6+AE6)*30)/$E$50)+((AF6+AG6)/$E$51))+(AI5*AJ5))-(AH6*AI5))/(AJ6) -> 1.6665484 | AJ6: =AJ5-AH6 -> 2340 | AK6: 2 | AP6: =((((((AK6+AL6)*30)/$E$50)+((AM6+AN6)/$E$51))+(AP5*AQ5))-(AO6*AP5))/(AQ6) -> 1.778317 | AQ6: =AQ5-AO6 -> 2340 | AT6: 30 | AW6: =((((((AR6+AS6)*30)/$E$50)+((AT6+AU6)/$E$51))+(AW5*AX5))-(AV6*AW5))/(AX6) -> 1.9149047 | AX6: =AX5-AV6 -> 2340 | BA6: 20 | BC6: 4 | BD6: =((((((AY6+AZ6)*30)/$E$50)+((BA6+BB6)/$E$51))+(BD5*BE5))-(BC6*BD5))/(BE6) -> 2.0716678 | BE6: =BE5-BC6 -> 2325 | BF6: 3 | BK6: =((((((BF6+BG6)*30)/$E$50)+((BH6+BI6)/$E$51))+(BK5*BL5))-(BJ6*BK5))/(BL6) -> 2.2231658 | BL6: =BL5-BJ6 -> 2227 | BR6: =((((((BM6+BN6)*30)/$E$50)+((BO6+BP6)/$E$51))+(BR5*BS5))-(BQ6*BR5))/(BS6) -> 2.426613 | BS6: =BS5-BQ6 -> 2227 | BY6: =((((((BT6+BU6)*30)/$E$50)+((BV6+BW6)/$E$51))+(BY5*BZ5))-(BX6*BY5))/(BZ6) -> 2.426613 | BZ6: =BZ5-BX6 -> 2227 | CF6: =((((((CA6+CB6)*30)/$E$50)+((CC6+CD6)/$E$51))+(CF5*CG5))-(CE6*CF5))/(CG6) -> 2.426613 | CG6: =CG5-CE6 -> 2227 | CM6: =((((((CH6+CI6)*30)/$E$50)+((CJ6+CK6)/$E$51))+(CM5*CN5))-(CL6*CM5))/(CN6) -> 2.426613 | CN6: =CN5-CL6 -> 2227 | CT6: =((((((CO6+CP6)*30)/$E$50)+((CQ6+CR6)/$E$51))+(CT5*CU5))-(CS6*CT5))/(CU6) -> 2.426613 | CU6: =CU5-CS6 -> 2227 | DA6: =((((((CV6+CW6)*30)/$E$50)+((CX6+CY6)/$E$51))+(DA5*DB5))-(CZ6*DA5))/(DB6) -> 2.426613 | DB6: =DB5-CZ6 -> 2227 | DH6: =((((((DC6+DD6)*30)/$E$50)+((DE6+DF6)/$E$51))+(DH5*DI5))-(DG6*DH5))/(DI6) -> 2.426613 | DI6: =DI5-DG6 -> 2227 | DO6: =((((((DJ6+DK6)*30)/$E$50)+((DL6+DM6)/$E$51))+(DO5*DP5))-(DN6*DO5))/(DP6) -> 2.426613 | DP6: =DP5-DN6 -> 2227 | DV6: =((((((DQ6+DR6)*30)/$E$50)+((DS6+DT6)/$E$51))+(DV5*DW5))-(DU6*DV5))/(DW6) -> 2.426613 | DW6: =DW5-DU6 -> 2227 | EC6: =((((((DX6+DY6)*30)/$E$50)+((DZ6+EA6)/$E$51))+(EC5*ED5))-(EB6*EC5))/(ED6) -> 2.426613 | ED6: =ED5-EB6 -> 2227 | EJ6: =((((((EE6+EF6)*30)/$E$50)+((EG6+EH6)/$E$51))+(EJ5*EK5))-(EI6*EJ5))/(EK6) -> 2.426613 | EK6: =EK5-EI6 -> 2227 | EQ6: =((((((EL6+EM6)*30)/$E$50)+((EN6+EO6)/$E$51))+(EQ5*ER5))-(EP6*EQ5))/(ER6) -> 2.426613 | ER6: =ER5-EP6 -> 2227 | EX6: =((((((ES6+ET6)*30)/$E$50)+((EU6+EV6)/$E$51))+(EX5*EY5))-(EW6*EX5))/(EY6) -> 2.426613 | EY6: =EY5-EW6 -> 2227 | FE6: =((((((EZ6+FA6)*30)/$E$50)+((FB6+FC6)/$E$51))+(FE5*FF5))-(FD6*FE5))/(FF6) -> 2.426613 | FF6: =FF5-FD6 -> 2227 | FL6: =((((((FG6+FH6)*30)/$E$50)+((FI6+FJ6)/$E$51))+(FL5*FM5))-(FK6*FL5))/(FM6) -> 2.426613 | FM6: =FM5-FK6 -> 2227 | FS6: =((((((FN6+FO6)*30)/$E$50)+((FP6+FQ6)/$E$51))+(FS5*FT5))-(FR6*FS5))/(FT6) -> 2.426613 | FT6: =FT5-FR6 -> 2227 | FZ6: =((((((FU6+FV6)*30)/$E$50)+((FW6+FX6)/$E$51))+(FZ5*GA5))-(FY6*FZ5))/(GA6) -> 2.426613 | GA6: =GA5-FY6 -> 2227 | GG6: =((((((GB6+GC6)*30)/$E$50)+((GD6+GE6)/$E$51))+(GG5*GH5))-(GF6*GG5))/(GH6) -> 2.426613 | GH6: =GH5-GF6 -> 2227 | GN6: =((((((GI6+GJ6)*30)/$E$50)+((GK6+GL6)/$E$51))+(GN5*GO5))-(GM6*GN5))/(GO6) -> 2.426613 | GO6: =GO5-GM6 -> 2227 | GU6: =((((((GP6+GQ6)*30)/$E$50)+((GR6+GS6)/$E$51))+(GU5*GV5))-(GT6*GU5))/(GV6) -> 2.426613 | GV6: =GV5-GT6 -> 2227
A7: 4 | G7: =((((((B7+C7)*30)/$E$50)+((D7+E7)/$E$51))+(G6*H6))-(F7*G6))/(H7) -> 1.1 | H7: =H6-F7 -> 2400 | K7: 10 | M7: 10 | N7: =((((((I7+J7)*30)/$E$50)+((K7+L7)/$E$51))+(N6*O6))-(M7*N6))/(O7) -> 1.114986 | O7: =O6-M7 -> 2355 | P7: 2 | R7: 20 | U7: =((((((P7+Q7)*30)/$E$50)+((R7+S7)/$E$51))+(U6*V6))-(T7*U6))/(V7) -> 1.310697 | V7: =V6-T7 -> 2340 | W7: 1 | Y7: 20 | AB7: =((((((W7+X7)*30)/$E$50)+((Y7+Z7)/$E$51))+(AB6*AC6))-(AA7*AB6))/(AC7) -> 1.5312755 | AC7: =AC6-AA7 -> 2340 | AF7: 20 | AI7: =((((((AD7+AE7)*30)/$E$50)+((AF7+AG7)/$E$51))+(AI6*AJ6))-(AH7*AI6))/(AJ7) -> 1.6708219 | AJ7: =AJ6-AH7 -> 2340 | AM7: 20 | AP7: =((((((AK7+AL7)*30)/$E$50)+((AM7+AN7)/$E$51))+(AP6*AQ6))-(AO7*AP6))/(AQ7) -> 1.7825905 | AQ7: =AQ6-AO7 -> 2340 | AT7: 40 | AW7: =((((((AR7+AS7)*30)/$E$50)+((AT7+AU7)/$E$51))+(AW6*AX6))-(AV7*AW6))/(AX7) -> 1.9234517 | AX7: =AX6-AV7 -> 2340 | AY7: 3 | BC7: 5 | BD7: =((((((AY7+AZ7)*30)/$E$50)+((BA7+BB7)/$E$51))+(BD6*BE6))-(BC7*BD6))/(BE7) -> 2.077636 | BE7: =BE6-BC7 -> 2320 | BH7: 20 | BK7: =((((((BF7+BG7)*30)/$E$50)+((BH7+BI7)/$E$51))+(BK6*BL6))-(BJ7*BK6))/(BL7) -> 2.2276562 | BL7: =BL6-BJ7 -> 2227 | BR7: =((((((BM7+BN7)*30)/$E$50)+((BO7+BP7)/$E$51))+(BR6*BS6))-(BQ7*BR6))/(BS7) -> 2.426613 | BS7: =BS6-BQ7 -> 2227 | BY7: =((((((BT7+BU7)*30)/$E$50)+((BV7+BW7)/$E$51))+(BY6*BZ6))-(BX7*BY6))/(BZ7) -> 2.426613 | BZ7: =BZ6-BX7 -> 2227 | CF7: =((((((CA7+CB7)*30)/$E$50)+((CC7+CD7)/$E$51))+(CF6*CG6))-(CE7*CF6))/(CG7) -> 2.426613 | CG7: =CG6-CE7 -> 2227 | CM7: =((((((CH7+CI7)*30)/$E$50)+((CJ7+CK7)/$E$51))+(CM6*CN6))-(CL7*CM6))/(CN7) -> 2.426613 | CN7: =CN6-CL7 -> 2227 | CT7: =((((((CO7+CP7)*30)/$E$50)+((CQ7+CR7)/$E$51))+(CT6*CU6))-(CS7*CT6))/(CU7) -> 2.426613 | CU7: =CU6-CS7 -> 2227 | DA7: =((((((CV7+CW7)*30)/$E$50)+((CX7+CY7)/$E$51))+(DA6*DB6))-(CZ7*DA6))/(DB7) -> 2.426613 | DB7: =DB6-CZ7 -> 2227 | DH7: =((((((DC7+DD7)*30)/$E$50)+((DE7+DF7)/$E$51))+(DH6*DI6))-(DG7*DH6))/(DI7) -> 2.426613 | DI7: =DI6-DG7 -> 2227 | DO7: =((((((DJ7+DK7)*30)/$E$50)+((DL7+DM7)/$E$51))+(DO6*DP6))-(DN7*DO6))/(DP7) -> 2.426613 | DP7: =DP6-DN7 -> 2227 | DV7: =((((((DQ7+DR7)*30)/$E$50)+((DS7+DT7)/$E$51))+(DV6*DW6))-(DU7*DV6))/(DW7) -> 2.426613 | DW7: =DW6-DU7 -> 2227 | EC7: =((((((DX7+DY7)*30)/$E$50)+((DZ7+EA7)/$E$51))+(EC6*ED6))-(EB7*EC6))/(ED7) -> 2.426613 | ED7: =ED6-EB7 -> 2227 | EJ7: =((((((EE7+EF7)*30)/$E$50)+((EG7+EH7)/$E$51))+(EJ6*EK6))-(EI7*EJ6))/(EK7) -> 2.426613 | EK7: =EK6-EI7 -> 2227 | EQ7: =((((((EL7+EM7)*30)/$E$50)+((EN7+EO7)/$E$51))+(EQ6*ER6))-(EP7*EQ6))/(ER7) -> 2.426613 | ER7: =ER6-EP7 -> 2227 | EX7: =((((((ES7+ET7)*30)/$E$50)+((EU7+EV7)/$E$51))+(EX6*EY6))-(EW7*EX6))/(EY7) -> 2.426613 | EY7: =EY6-EW7 -> 2227 | FE7: =((((((EZ7+FA7)*30)/$E$50)+((FB7+FC7)/$E$51))+(FE6*FF6))-(FD7*FE6))/(FF7) -> 2.426613 | FF7: =FF6-FD7 -> 2227 | FL7: =((((((FG7+FH7)*30)/$E$50)+((FI7+FJ7)/$E$51))+(FL6*FM6))-(FK7*FL6))/(FM7) -> 2.426613 | FM7: =FM6-FK7 -> 2227 | FS7: =((((((FN7+FO7)*30)/$E$50)+((FP7+FQ7)/$E$51))+(FS6*FT6))-(FR7*FS6))/(FT7) -> 2.426613 | FT7: =FT6-FR7 -> 2227 | FZ7: =((((((FU7+FV7)*30)/$E$50)+((FW7+FX7)/$E$51))+(FZ6*GA6))-(FY7*FZ6))/(GA7) -> 2.426613 | GA7: =GA6-FY7 -> 2227 | GG7: =((((((GB7+GC7)*30)/$E$50)+((GD7+GE7)/$E$51))+(GG6*GH6))-(GF7*GG6))/(GH7) -> 2.426613 | GH7: =GH6-GF7 -> 2227 | GN7: =((((((GI7+GJ7)*30)/$E$50)+((GK7+GL7)/$E$51))+(GN6*GO6))-(GM7*GN6))/(GO7) -> 2.426613 | GO7: =GO6-GM7 -> 2227 | GU7: =((((((GP7+GQ7)*30)/$E$50)+((GR7+GS7)/$E$51))+(GU6*GV6))-(GT7*GU6))/(GV7) -> 2.426613 | GV7: =GV6-GT7 -> 2227
A8: 5 | G8: =((((((B8+C8)*30)/$E$50)+((D8+E8)/$E$51))+(G7*H7))-(F8*G7))/(H8) -> 1.1 | H8: =H7-F8 -> 2400 | K8: 30 | M8: 8 | N8: =((((((I8+J8)*30)/$E$50)+((K8+L8)/$E$51))+(N7*O7))-(M8*N7))/(O8) -> 1.1213771 | O8: =O7-M8 -> 2347 | R8: 20 | U8: =((((((P8+Q8)*30)/$E$50)+((R8+S8)/$E$51))+(U7*V7))-(T8*U7))/(V8) -> 1.3149705 | V8: =V7-T8 -> 2340 | W8: 2 | AB8: =((((((W8+X8)*30)/$E$50)+((Y8+Z8)/$E$51))+(AB7*AC7))-(AA8*AB7))/(AC8) -> 1.5352203 | AC8: =AC7-AA8 -> 2340 | AF8: 20 | AI8: =((((((AD8+AE8)*30)/$E$50)+((AF8+AG8)/$E$51))+(AI7*AJ7))-(AH8*AI7))/(AJ8) -> 1.6750954 | AJ8: =AJ7-AH8 -> 2340 | AP8: =((((((AK8+AL8)*30)/$E$50)+((AM8+AN8)/$E$51))+(AP7*AQ7))-(AO8*AP7))/(AQ8) -> 1.7825905 | AQ8: =AQ7-AO8 -> 2340 | AT8: 40 | AW8: =((((((AR8+AS8)*30)/$E$50)+((AT8+AU8)/$E$51))+(AW7*AX7))-(AV8*AW7))/(AX8) -> 1.9319987 | AX8: =AX7-AV8 -> 2340 | BA8: 20 | BC8: 10 | BD8: =((((((AY8+AZ8)*30)/$E$50)+((BA8+BB8)/$E$51))+(BD7*BE7))-(BC8*BD7))/(BE8) -> 2.081965 | BE8: =BE7-BC8 -> 2310 | BH8: 20 | BK8: =((((((BF8+BG8)*30)/$E$50)+((BH8+BI8)/$E$51))+(BK7*BL7))-(BJ8*BK7))/(BL8) -> 2.2321465 | BL8: =BL7-BJ8 -> 2227 | BR8: =((((((BM8+BN8)*30)/$E$50)+((BO8+BP8)/$E$51))+(BR7*BS7))-(BQ8*BR7))/(BS8) -> 2.426613 | BS8: =BS7-BQ8 -> 2227 | BY8: =((((((BT8+BU8)*30)/$E$50)+((BV8+BW8)/$E$51))+(BY7*BZ7))-(BX8*BY7))/(BZ8) -> 2.426613 | BZ8: =BZ7-BX8 -> 2227 | CF8: =((((((CA8+CB8)*30)/$E$50)+((CC8+CD8)/$E$51))+(CF7*CG7))-(CE8*CF7))/(CG8) -> 2.426613 | CG8: =CG7-CE8 -> 2227 | CM8: =((((((CH8+CI8)*30)/$E$50)+((CJ8+CK8)/$E$51))+(CM7*CN7))-(CL8*CM7))/(CN8) -> 2.426613 | CN8: =CN7-CL8 -> 2227 | CT8: =((((((CO8+CP8)*30)/$E$50)+((CQ8+CR8)/$E$51))+(CT7*CU7))-(CS8*CT7))/(CU8) -> 2.426613 | CU8: =CU7-CS8 -> 2227 | DA8: =((((((CV8+CW8)*30)/$E$50)+((CX8+CY8)/$E$51))+(DA7*DB7))-(CZ8*DA7))/(DB8) -> 2.426613 | DB8: =DB7-CZ8 -> 2227 | DH8: =((((((DC8+DD8)*30)/$E$50)+((DE8+DF8)/$E$51))+(DH7*DI7))-(DG8*DH7))/(DI8) -> 2.426613 | DI8: =DI7-DG8 -> 2227 | DO8: =((((((DJ8+DK8)*30)/$E$50)+((DL8+DM8)/$E$51))+(DO7*DP7))-(DN8*DO7))/(DP8) -> 2.426613 | DP8: =DP7-DN8 -> 2227 | DV8: =((((((DQ8+DR8)*30)/$E$50)+((DS8+DT8)/$E$51))+(DV7*DW7))-(DU8*DV7))/(DW8) -> 2.426613 | DW8: =DW7-DU8 -> 2227 | EC8: =((((((DX8+DY8)*30)/$E$50)+((DZ8+EA8)/$E$51))+(EC7*ED7))-(EB8*EC7))/(ED8) -> 2.426613 | ED8: =ED7-EB8 -> 2227 | EJ8: =((((((EE8+EF8)*30)/$E$50)+((EG8+EH8)/$E$51))+(EJ7*EK7))-(EI8*EJ7))/(EK8) -> 2.426613 | EK8: =EK7-EI8 -> 2227 | EQ8: =((((((EL8+EM8)*30)/$E$50)+((EN8+EO8)/$E$51))+(EQ7*ER7))-(EP8*EQ7))/(ER8) -> 2.426613 | ER8: =ER7-EP8 -> 2227 | EX8: =((((((ES8+ET8)*30)/$E$50)+((EU8+EV8)/$E$51))+(EX7*EY7))-(EW8*EX7))/(EY8) -> 2.426613 | EY8: =EY7-EW8 -> 2227 | FE8: =((((((EZ8+FA8)*30)/$E$50)+((FB8+FC8)/$E$51))+(FE7*FF7))-(FD8*FE7))/(FF8) -> 2.426613 | FF8: =FF7-FD8 -> 2227 | FL8: =((((((FG8+FH8)*30)/$E$50)+((FI8+FJ8)/$E$51))+(FL7*FM7))-(FK8*FL7))/(FM8) -> 2.426613 | FM8: =FM7-FK8 -> 2227 | FS8: =((((((FN8+FO8)*30)/$E$50)+((FP8+FQ8)/$E$51))+(FS7*FT7))-(FR8*FS7))/(FT8) -> 2.426613 | FT8: =FT7-FR8 -> 2227 | FZ8: =((((((FU8+FV8)*30)/$E$50)+((FW8+FX8)/$E$51))+(FZ7*GA7))-(FY8*FZ7))/(GA8) -> 2.426613 | GA8: =GA7-FY8 -> 2227 | GG8: =((((((GB8+GC8)*30)/$E$50)+((GD8+GE8)/$E$51))+(GG7*GH7))-(GF8*GG7))/(GH8) -> 2.426613 | GH8: =GH7-GF8 -> 2227 | GN8: =((((((GI8+GJ8)*30)/$E$50)+((GK8+GL8)/$E$51))+(GN7*GO7))-(GM8*GN7))/(GO8) -> 2.426613 | GO8: =GO7-GM8 -> 2227 | GU8: =((((((GP8+GQ8)*30)/$E$50)+((GR8+GS8)/$E$51))+(GU7*GV7))-(GT8*GU7))/(GV8) -> 2.426613 | GV8: =GV7-GT8 -> 2227
A9: 6 | G9: =((((((B9+C9)*30)/$E$50)+((D9+E9)/$E$51))+(G8*H8))-(F9*G8))/(H9) -> 1.1 | H9: =H8-F9 -> 2400 | I9: 1 | K9: 20 | N9: =((((((I9+J9)*30)/$E$50)+((K9+L9)/$E$51))+(N8*O8))-(M9*N8))/(O9) -> 1.1276044 | O9: =O8-M9 -> 2347 | P9: 2 | R9: 20 | U9: =((((((P9+Q9)*30)/$E$50)+((R9+S9)/$E$51))+(U8*V8))-(T9*U8))/(V9) -> 1.3231887 | V9: =V8-T9 -> 2340 | W9: 3 | Y9: 20 | AB9: =((((((W9+X9)*30)/$E$50)+((Y9+Z9)/$E$51))+(AB8*AC8))-(AA9*AB8))/(AC9) -> 1.545411 | AC9: =AC8-AA9 -> 2340 | AF9: 20 | AI9: =((((((AD9+AE9)*30)/$E$50)+((AF9+AG9)/$E$51))+(AI8*AJ8))-(AH9*AI8))/(AJ9) -> 1.6793689 | AJ9: =AJ8-AH9 -> 2340 | AM9: 20 | AP9: =((((((AK9+AL9)*30)/$E$50)+((AM9+AN9)/$E$51))+(AP8*AQ8))-(AO9*AP8))/(AQ9) -> 1.786864 | AQ9: =AQ8-AO9 -> 2340 | AT9: 20 | AW9: =((((((AR9+AS9)*30)/$E$50)+((AT9+AU9)/$E$51))+(AW8*AX8))-(AV9*AW8))/(AX9) -> 1.9362722 | AX9: =AX8-AV9 -> 2340 | BA9: 20 | BC9: 7 | BD9: =((((((AY9+AZ9)*30)/$E$50)+((BA9+BB9)/$E$51))+(BD8*BE8))-(BC9*BD8))/(BE9) -> 2.0863071 | BE9: =BE8-BC9 -> 2303 | BH9: 20 | BK9: =((((((BF9+BG9)*30)/$E$50)+((BH9+BI9)/$E$51))+(BK8*BL8))-(BJ9*BK8))/(BL9) -> 2.2366369 | BL9: =BL8-BJ9 -> 2227 | BR9: =((((((BM9+BN9)*30)/$E$50)+((BO9+BP9)/$E$51))+(BR8*BS8))-(BQ9*BR8))/(BS9) -> 2.426613 | BS9: =BS8-BQ9 -> 2227 | BY9: =((((((BT9+BU9)*30)/$E$50)+((BV9+BW9)/$E$51))+(BY8*BZ8))-(BX9*BY8))/(BZ9) -> 2.426613 | BZ9: =BZ8-BX9 -> 2227 | CF9: =((((((CA9+CB9)*30)/$E$50)+((CC9+CD9)/$E$51))+(CF8*CG8))-(CE9*CF8))/(CG9) -> 2.426613 | CG9: =CG8-CE9 -> 2227 | CM9: =((((((CH9+CI9)*30)/$E$50)+((CJ9+CK9)/$E$51))+(CM8*CN8))-(CL9*CM8))/(CN9) -> 2.426613 | CN9: =CN8-CL9 -> 2227 | CT9: =((((((CO9+CP9)*30)/$E$50)+((CQ9+CR9)/$E$51))+(CT8*CU8))-(CS9*CT8))/(CU9) -> 2.426613 | CU9: =CU8-CS9 -> 2227 | DA9: =((((((CV9+CW9)*30)/$E$50)+((CX9+CY9)/$E$51))+(DA8*DB8))-(CZ9*DA8))/(DB9) -> 2.426613 | DB9: =DB8-CZ9 -> 2227 | DH9: =((((((DC9+DD9)*30)/$E$50)+((DE9+DF9)/$E$51))+(DH8*DI8))-(DG9*DH8))/(DI9) -> 2.426613 | DI9: =DI8-DG9 -> 2227 | DO9: =((((((DJ9+DK9)*30)/$E$50)+((DL9+DM9)/$E$51))+(DO8*DP8))-(DN9*DO8))/(DP9) -> 2.426613 | DP9: =DP8-DN9 -> 2227 | DV9: =((((((DQ9+DR9)*30)/$E$50)+((DS9+DT9)/$E$51))+(DV8*DW8))-(DU9*DV8))/(DW9) -> 2.426613 | DW9: =DW8-DU9 -> 2227 | EC9: =((((((DX9+DY9)*30)/$E$50)+((DZ9+EA9)/$E$51))+(EC8*ED8))-(EB9*EC8))/(ED9) -> 2.426613 | ED9: =ED8-EB9 -> 2227 | EJ9: =((((((EE9+EF9)*30)/$E$50)+((EG9+EH9)/$E$51))+(EJ8*EK8))-(EI9*EJ8))/(EK9) -> 2.426613 | EK9: =EK8-EI9 -> 2227 | EQ9: =((((((EL9+EM9)*30)/$E$50)+((EN9+EO9)/$E$51))+(EQ8*ER8))-(EP9*EQ8))/(ER9) -> 2.426613 | ER9: =ER8-EP9 -> 2227 | EX9: =((((((ES9+ET9)*30)/$E$50)+((EU9+EV9)/$E$51))+(EX8*EY8))-(EW9*EX8))/(EY9) -> 2.426613 | EY9: =EY8-EW9 -> 2227 | FE9: =((((((EZ9+FA9)*30)/$E$50)+((FB9+FC9)/$E$51))+(FE8*FF8))-(FD9*FE8))/(FF9) -> 2.426613 | FF9: =FF8-FD9 -> 2227 | FL9: =((((((FG9+FH9)*30)/$E$50)+((FI9+FJ9)/$E$51))+(FL8*FM8))-(FK9*FL8))/(FM9) -> 2.426613 | FM9: =FM8-FK9 -> 2227 | FS9: =((((((FN9+FO9)*30)/$E$50)+((FP9+FQ9)/$E$51))+(FS8*FT8))-(FR9*FS8))/(FT9) -> 2.426613 | FT9: =FT8-FR9 -> 2227 | FZ9: =((((((FU9+FV9)*30)/$E$50)+((FW9+FX9)/$E$51))+(FZ8*GA8))-(FY9*FZ8))/(GA9) -> 2.426613 | GA9: =GA8-FY9 -> 2227 | GG9: =((((((GB9+GC9)*30)/$E$50)+((GD9+GE9)/$E$51))+(GG8*GH8))-(GF9*GG8))/(GH9) -> 2.426613 | GH9: =GH8-GF9 -> 2227 | GN9: =((((((GI9+GJ9)*30)/$E$50)+((GK9+GL9)/$E$51))+(GN8*GO8))-(GM9*GN8))/(GO9) -> 2.426613 | GO9: =GO8-GM9 -> 2227 | GU9: =((((((GP9+GQ9)*30)/$E$50)+((GR9+GS9)/$E$51))+(GU8*GV8))-(GT9*GU8))/(GV9) -> 2.426613 | GV9: =GV8-GT9 -> 2227
A10: 7 | G10: =((((((B10+C10)*30)/$E$50)+((D10+E10)/$E$51))+(G9*H9))-(F10*G9))/(H10) -> 1.1 | H10: =H9-F10 -> 2400 | I10: 1 | K10: 20 | M10: 4 | N10: =((((((I10+J10)*30)/$E$50)+((K10+L10)/$E$51))+(N9*O9))-(M10*N9))/(O10) -> 1.1338423 | O10: =O9-M10 -> 2343 | P10: 2 | R10: 20 | U10: =((((((P10+Q10)*30)/$E$50)+((R10+S10)/$E$51))+(U9*V9))-(T10*U9))/(V10) -> 1.331407 | V10: =V9-T10 -> 2340 | W10: 2 | Y10: 20 | AB10: =((((((W10+X10)*30)/$E$50)+((Y10+Z10)/$E$51))+(AB9*AC9))-(AA10*AB9))/(AC10) -> 1.5536292 | AC10: =AC9-AA10 -> 2340 | AF10: 20 | AI10: =((((((AD10+AE10)*30)/$E$50)+((AF10+AG10)/$E$51))+(AI9*AJ9))-(AH10*AI9))/(AJ10) -> 1.6836424 | AJ10: =AJ9-AH10 -> 2340 | AM10: 40 | AP10: =((((((AK10+AL10)*30)/$E$50)+((AM10+AN10)/$E$51))+(AP9*AQ9))-(AO10*AP9))/(AQ10) -> 1.795411 | AQ10: =AQ9-AO10 -> 2340 | AT10: 20 | AW10: =((((((AR10+AS10)*30)/$E$50)+((AT10+AU10)/$E$51))+(AW9*AX9))-(AV10*AW9))/(AX10) -> 1.9405458 | AX10: =AX9-AV10 -> 2340 | BA10: 20 | BC10: 8 | BD10: =((((((AY10+AZ10)*30)/$E$50)+((BA10+BB10)/$E$51))+(BD9*BE9))-(BC10*BD9))/(BE10) -> 2.0906644 | BE10: =BE9-BC10 -> 2295 | BH10: 20 | BK10: =((((((BF10+BG10)*30)/$E$50)+((BH10+BI10)/$E$51))+(BK9*BL9))-(BJ10*BK9))/(BL10) -> 2.2411272 | BL10: =BL9-BJ10 -> 2227 | BR10: =((((((BM10+BN10)*30)/$E$50)+((BO10+BP10)/$E$51))+(BR9*BS9))-(BQ10*BR9))/(BS10) -> 2.426613 | BS10: =BS9-BQ10 -> 2227 | BY10: =((((((BT10+BU10)*30)/$E$50)+((BV10+BW10)/$E$51))+(BY9*BZ9))-(BX10*BY9))/(BZ10) -> 2.426613 | BZ10: =BZ9-BX10 -> 2227 | CF10: =((((((CA10+CB10)*30)/$E$50)+((CC10+CD10)/$E$51))+(CF9*CG9))-(CE10*CF9))/(CG10) -> 2.426613 | CG10: =CG9-CE10 -> 2227 | CM10: =((((((CH10+CI10)*30)/$E$50)+((CJ10+CK10)/$E$51))+(CM9*CN9))-(CL10*CM9))/(CN10) -> 2.426613 | CN10: =CN9-CL10 -> 2227 | CT10: =((((((CO10+CP10)*30)/$E$50)+((CQ10+CR10)/$E$51))+(CT9*CU9))-(CS10*CT9))/(CU10) -> 2.426613 | CU10: =CU9-CS10 -> 2227 | DA10: =((((((CV10+CW10)*30)/$E$50)+((CX10+CY10)/$E$51))+(DA9*DB9))-(CZ10*DA9))/(DB10) -> 2.426613 | DB10: =DB9-CZ10 -> 2227 | DH10: =((((((DC10+DD10)*30)/$E$50)+((DE10+DF10)/$E$51))+(DH9*DI9))-(DG10*DH9))/(DI10) -> 2.426613 | DI10: =DI9-DG10 -> 2227 | DO10: =((((((DJ10+DK10)*30)/$E$50)+((DL10+DM10)/$E$51))+(DO9*DP9))-(DN10*DO9))/(DP10) -> 2.426613 | DP10: =DP9-DN10 -> 2227 | DV10: =((((((DQ10+DR10)*30)/$E$50)+((DS10+DT10)/$E$51))+(DV9*DW9))-(DU10*DV9))/(DW10) -> 2.426613 | DW10: =DW9-DU10 -> 2227 | EC10: =((((((DX10+DY10)*30)/$E$50)+((DZ10+EA10)/$E$51))+(EC9*ED9))-(EB10*EC9))/(ED10) -> 2.426613 | ED10: =ED9-EB10 -> 2227 | EJ10: =((((((EE10+EF10)*30)/$E$50)+((EG10+EH10)/$E$51))+(EJ9*EK9))-(EI10*EJ9))/(EK10) -> 2.426613 | EK10: =EK9-EI10 -> 2227 | EQ10: =((((((EL10+EM10)*30)/$E$50)+((EN10+EO10)/$E$51))+(EQ9*ER9))-(EP10*EQ9))/(ER10) -> 2.426613 | ER10: =ER9-EP10 -> 2227 | EX10: =((((((ES10+ET10)*30)/$E$50)+((EU10+EV10)/$E$51))+(EX9*EY9))-(EW10*EX9))/(EY10) -> 2.426613 | EY10: =EY9-EW10 -> 2227 | FE10: =((((((EZ10+FA10)*30)/$E$50)+((FB10+FC10)/$E$51))+(FE9*FF9))-(FD10*FE9))/(FF10) -> 2.426613 | FF10: =FF9-FD10 -> 2227 | FL10: =((((((FG10+FH10)*30)/$E$50)+((FI10+FJ10)/$E$51))+(FL9*FM9))-(FK10*FL9))/(FM10) -> 2.426613 | FM10: =FM9-FK10 -> 2227 | FS10: =((((((FN10+FO10)*30)/$E$50)+((FP10+FQ10)/$E$51))+(FS9*FT9))-(FR10*FS9))/(FT10) -> 2.426613 | FT10: =FT9-FR10 -> 2227 | FZ10: =((((((FU10+FV10)*30)/$E$50)+((FW10+FX10)/$E$51))+(FZ9*GA9))-(FY10*FZ9))/(GA10) -> 2.426613 | GA10: =GA9-FY10 -> 2227 | GG10: =((((((GB10+GC10)*30)/$E$50)+((GD10+GE10)/$E$51))+(GG9*GH9))-(GF10*GG9))/(GH10) -> 2.426613 | GH10: =GH9-GF10 -> 2227 | GN10: =((((((GI10+GJ10)*30)/$E$50)+((GK10+GL10)/$E$51))+(GN9*GO9))-(GM10*GN9))/(GO10) -> 2.426613 | GO10: =GO9-GM10 -> 2227 | GU10: =((((((GP10+GQ10)*30)/$E$50)+((GR10+GS10)/$E$51))+(GU9*GV9))-(GT10*GU9))/(GV10) -> 2.426613 | GV10: =GV9-GT10 -> 2227
A11: 8 | G11: =((((((B11+C11)*30)/$E$50)+((D11+E11)/$E$51))+(G10*H10))-(F11*G10))/(H11) -> 1.1 | H11: =H10-F11 -> 2400 | I11: 1 | K11: 20 | M11: 2 | N11: =((((((I11+J11)*30)/$E$50)+((K11+L11)/$E$51))+(N10*O10))-(M11*N10))/(O11) -> 1.1400855 | O11: =O10-M11 -> 2341 | R11: 20 | U11: =((((((P11+Q11)*30)/$E$50)+((R11+S11)/$E$51))+(U10*V10))-(T11*U10))/(V11) -> 1.3356805 | V11: =V10-T11 -> 2340 | Y11: 20 | AB11: =((((((W11+X11)*30)/$E$50)+((Y11+Z11)/$E$51))+(AB10*AC10))-(AA11*AB10))/(AC11) -> 1.5579028 | AC11: =AC10-AA11 -> 2340 | AF11: 20 | AI11: =((((((AD11+AE11)*30)/$E$50)+((AF11+AG11)/$E$51))+(AI10*AJ10))-(AH11*AI10))/(AJ11) -> 1.6879159 | AJ11: =AJ10-AH11 -> 2340 | AM11: 20 | AP11: =((((((AK11+AL11)*30)/$E$50)+((AM11+AN11)/$E$51))+(AP10*AQ10))-(AO11*AP10))/(AQ11) -> 1.7996845 | AQ11: =AQ10-AO11 -> 2340 | AT11: 20 | AW11: =((((((AR11+AS11)*30)/$E$50)+((AT11+AU11)/$E$51))+(AW10*AX10))-(AV11*AW10))/(AX11) -> 1.9448193 | AX11: =AX10-AV11 -> 2340 | AY11: 2 | BC11: 10 | BD11: =((((((AY11+AZ11)*30)/$E$50)+((BA11+BB11)/$E$51))+(BD10*BE10))-(BC11*BD10))/(BE11) -> 2.0947042 | BE11: =BE10-BC11 -> 2285 | BH11: 20 | BK11: =((((((BF11+BG11)*30)/$E$50)+((BH11+BI11)/$E$51))+(BK10*BL10))-(BJ11*BK10))/(BL11) -> 2.2456176 | BL11: =BL10-BJ11 -> 2227 | BR11: =((((((BM11+BN11)*30)/$E$50)+((BO11+BP11)/$E$51))+(BR10*BS10))-(BQ11*BR10))/(BS11) -> 2.426613 | BS11: =BS10-BQ11 -> 2227 | BY11: =((((((BT11+BU11)*30)/$E$50)+((BV11+BW11)/$E$51))+(BY10*BZ10))-(BX11*BY10))/(BZ11) -> 2.426613 | BZ11: =BZ10-BX11 -> 2227 | CF11: =((((((CA11+CB11)*30)/$E$50)+((CC11+CD11)/$E$51))+(CF10*CG10))-(CE11*CF10))/(CG11) -> 2.426613 | CG11: =CG10-CE11 -> 2227 | CM11: =((((((CH11+CI11)*30)/$E$50)+((CJ11+CK11)/$E$51))+(CM10*CN10))-(CL11*CM10))/(CN11) -> 2.426613 | CN11: =CN10-CL11 -> 2227 | CT11: =((((((CO11+CP11)*30)/$E$50)+((CQ11+CR11)/$E$51))+(CT10*CU10))-(CS11*CT10))/(CU11) -> 2.426613 | CU11: =CU10-CS11 -> 2227 | DA11: =((((((CV11+CW11)*30)/$E$50)+((CX11+CY11)/$E$51))+(DA10*DB10))-(CZ11*DA10))/(DB11) -> 2.426613 | DB11: =DB10-CZ11 -> 2227 | DH11: =((((((DC11+DD11)*30)/$E$50)+((DE11+DF11)/$E$51))+(DH10*DI10))-(DG11*DH10))/(DI11) -> 2.426613 | DI11: =DI10-DG11 -> 2227 | DO11: =((((((DJ11+DK11)*30)/$E$50)+((DL11+DM11)/$E$51))+(DO10*DP10))-(DN11*DO10))/(DP11) -> 2.426613 | DP11: =DP10-DN11 -> 2227 | DV11: =((((((DQ11+DR11)*30)/$E$50)+((DS11+DT11)/$E$51))+(DV10*DW10))-(DU11*DV10))/(DW11) -> 2.426613 | DW11: =DW10-DU11 -> 2227 | EC11: =((((((DX11+DY11)*30)/$E$50)+((DZ11+EA11)/$E$51))+(EC10*ED10))-(EB11*EC10))/(ED11) -> 2.426613 | ED11: =ED10-EB11 -> 2227 | EJ11: =((((((EE11+EF11)*30)/$E$50)+((EG11+EH11)/$E$51))+(EJ10*EK10))-(EI11*EJ10))/(EK11) -> 2.426613 | EK11: =EK10-EI11 -> 2227 | EQ11: =((((((EL11+EM11)*30)/$E$50)+((EN11+EO11)/$E$51))+(EQ10*ER10))-(EP11*EQ10))/(ER11) -> 2.426613 | ER11: =ER10-EP11 -> 2227 | EX11: =((((((ES11+ET11)*30)/$E$50)+((EU11+EV11)/$E$51))+(EX10*EY10))-(EW11*EX10))/(EY11) -> 2.426613 | EY11: =EY10-EW11 -> 2227 | FE11: =((((((EZ11+FA11)*30)/$E$50)+((FB11+FC11)/$E$51))+(FE10*FF10))-(FD11*FE10))/(FF11) -> 2.426613 | FF11: =FF10-FD11 -> 2227 | FL11: =((((((FG11+FH11)*30)/$E$50)+((FI11+FJ11)/$E$51))+(FL10*FM10))-(FK11*FL10))/(FM11) -> 2.426613 | FM11: =FM10-FK11 -> 2227 | FS11: =((((((FN11+FO11)*30)/$E$50)+((FP11+FQ11)/$E$51))+(FS10*FT10))-(FR11*FS10))/(FT11) -> 2.426613 | FT11: =FT10-FR11 -> 2227 | FZ11: =((((((FU11+FV11)*30)/$E$50)+((FW11+FX11)/$E$51))+(FZ10*GA10))-(FY11*FZ10))/(GA11) -> 2.426613 | GA11: =GA10-FY11 -> 2227 | GG11: =((((((GB11+GC11)*30)/$E$50)+((GD11+GE11)/$E$51))+(GG10*GH10))-(GF11*GG10))/(GH11) -> 2.426613 | GH11: =GH10-GF11 -> 2227 | GN11: =((((((GI11+GJ11)*30)/$E$50)+((GK11+GL11)/$E$51))+(GN10*GO10))-(GM11*GN10))/(GO11) -> 2.426613 | GO11: =GO10-GM11 -> 2227 | GU11: =((((((GP11+GQ11)*30)/$E$50)+((GR11+GS11)/$E$51))+(GU10*GV10))-(GT11*GU10))/(GV11) -> 2.426613 | GV11: =GV10-GT11 -> 2227
A12: 9 | G12: =((((((B12+C12)*30)/$E$50)+((D12+E12)/$E$51))+(G11*H11))-(F12*G11))/(H12) -> 1.1 | H12: =H11-F12 -> 2400 | I12: 1 | K12: 20 | M12: 1 | N12: =((((((I12+J12)*30)/$E$50)+((K12+L12)/$E$51))+(N11*O11))-(M12*N11))/(O12) -> 1.1463314 | O12: =O11-M12 -> 2340 | R12: 40 | U12: =((((((P12+Q12)*30)/$E$50)+((R12+S12)/$E$51))+(U11*V11))-(T12*U11))/(V12) -> 1.3442275 | V12: =V11-T12 -> 2340 | Y12: 20 | AB12: =((((((W12+X12)*30)/$E$50)+((Y12+Z12)/$E$51))+(AB11*AC11))-(AA12*AB11))/(AC12) -> 1.5621763 | AC12: =AC11-AA12 -> 2340 | AF12: 20 | AI12: =((((((AD12+AE12)*30)/$E$50)+((AF12+AG12)/$E$51))+(AI11*AJ11))-(AH12*AI11))/(AJ12) -> 1.6921894 | AJ12: =AJ11-AH12 -> 2340 | AM12: 20 | AP12: =((((((AK12+AL12)*30)/$E$50)+((AM12+AN12)/$E$51))+(AP11*AQ11))-(AO12*AP11))/(AQ12) -> 1.803958 | AQ12: =AQ11-AO12 -> 2340 | AT12: 20 | AW12: =((((((AR12+AS12)*30)/$E$50)+((AT12+AU12)/$E$51))+(AW11*AX11))-(AV12*AW11))/(AX12) -> 1.9490928 | AX12: =AX11-AV12 -> 2340 | AY12: 3 | BC12: 6 | BD12: =((((((AY12+AZ12)*30)/$E$50)+((BA12+BB12)/$E$51))+(BD11*BE11))-(BC12*BD11))/(BE12) -> 2.1007797 | BE12: =BE11-BC12 -> 2279 | BF12: 4 | BK12: =((((((BF12+BG12)*30)/$E$50)+((BH12+BI12)/$E$51))+(BK11*BL11))-(BJ12*BK11))/(BL12) -> 2.2539074 | BL12: =BL11-BJ12 -> 2227 | BR12: =((((((BM12+BN12)*30)/$E$50)+((BO12+BP12)/$E$51))+(BR11*BS11))-(BQ12*BR11))/(BS12) -> 2.426613 | BS12: =BS11-BQ12 -> 2227 | BY12: =((((((BT12+BU12)*30)/$E$50)+((BV12+BW12)/$E$51))+(BY11*BZ11))-(BX12*BY11))/(BZ12) -> 2.426613 | BZ12: =BZ11-BX12 -> 2227 | CF12: =((((((CA12+CB12)*30)/$E$50)+((CC12+CD12)/$E$51))+(CF11*CG11))-(CE12*CF11))/(CG12) -> 2.426613 | CG12: =CG11-CE12 -> 2227 | CM12: =((((((CH12+CI12)*30)/$E$50)+((CJ12+CK12)/$E$51))+(CM11*CN11))-(CL12*CM11))/(CN12) -> 2.426613 | CN12: =CN11-CL12 -> 2227 | CT12: =((((((CO12+CP12)*30)/$E$50)+((CQ12+CR12)/$E$51))+(CT11*CU11))-(CS12*CT11))/(CU12) -> 2.426613 | CU12: =CU11-CS12 -> 2227 | DA12: =((((((CV12+CW12)*30)/$E$50)+((CX12+CY12)/$E$51))+(DA11*DB11))-(CZ12*DA11))/(DB12) -> 2.426613 | DB12: =DB11-CZ12 -> 2227 | DH12: =((((((DC12+DD12)*30)/$E$50)+((DE12+DF12)/$E$51))+(DH11*DI11))-(DG12*DH11))/(DI12) -> 2.426613 | DI12: =DI11-DG12 -> 2227 | DO12: =((((((DJ12+DK12)*30)/$E$50)+((DL12+DM12)/$E$51))+(DO11*DP11))-(DN12*DO11))/(DP12) -> 2.426613 | DP12: =DP11-DN12 -> 2227 | DV12: =((((((DQ12+DR12)*30)/$E$50)+((DS12+DT12)/$E$51))+(DV11*DW11))-(DU12*DV11))/(DW12) -> 2.426613 | DW12: =DW11-DU12 -> 2227 | EC12: =((((((DX12+DY12)*30)/$E$50)+((DZ12+EA12)/$E$51))+(EC11*ED11))-(EB12*EC11))/(ED12) -> 2.426613 | ED12: =ED11-EB12 -> 2227 | EJ12: =((((((EE12+EF12)*30)/$E$50)+((EG12+EH12)/$E$51))+(EJ11*EK11))-(EI12*EJ11))/(EK12) -> 2.426613 | EK12: =EK11-EI12 -> 2227 | EQ12: =((((((EL12+EM12)*30)/$E$50)+((EN12+EO12)/$E$51))+(EQ11*ER11))-(EP12*EQ11))/(ER12) -> 2.426613 | ER12: =ER11-EP12 -> 2227 | EX12: =((((((ES12+ET12)*30)/$E$50)+((EU12+EV12)/$E$51))+(EX11*EY11))-(EW12*EX11))/(EY12) -> 2.426613 | EY12: =EY11-EW12 -> 2227 | FE12: =((((((EZ12+FA12)*30)/$E$50)+((FB12+FC12)/$E$51))+(FE11*FF11))-(FD12*FE11))/(FF12) -> 2.426613 | FF12: =FF11-FD12 -> 2227 | FL12: =((((((FG12+FH12)*30)/$E$50)+((FI12+FJ12)/$E$51))+(FL11*FM11))-(FK12*FL11))/(FM12) -> 2.426613 | FM12: =FM11-FK12 -> 2227 | FS12: =((((((FN12+FO12)*30)/$E$50)+((FP12+FQ12)/$E$51))+(FS11*FT11))-(FR12*FS11))/(FT12) -> 2.426613 | FT12: =FT11-FR12 -> 2227 | FZ12: =((((((FU12+FV12)*30)/$E$50)+((FW12+FX12)/$E$51))+(FZ11*GA11))-(FY12*FZ11))/(GA12) -> 2.426613 | GA12: =GA11-FY12 -> 2227 | GG12: =((((((GB12+GC12)*30)/$E$50)+((GD12+GE12)/$E$51))+(GG11*GH11))-(GF12*GG11))/(GH12) -> 2.426613 | GH12: =GH11-GF12 -> 2227 | GN12: =((((((GI12+GJ12)*30)/$E$50)+((GK12+GL12)/$E$51))+(GN11*GO11))-(GM12*GN11))/(GO12) -> 2.426613 | GO12: =GO11-GM12 -> 2227 | GU12: =((((((GP12+GQ12)*30)/$E$50)+((GR12+GS12)/$E$51))+(GU11*GV11))-(GT12*GU11))/(GV12) -> 2.426613 | GV12: =GV11-GT12 -> 2227
A13: 10 | G13: =((((((B13+C13)*30)/$E$50)+((D13+E13)/$E$51))+(G12*H12))-(F13*G12))/(H13) -> 1.1 | H13: =H12-F13 -> 2400 | I13: 1 | K13: 20 | N13: =((((((I13+J13)*30)/$E$50)+((K13+L13)/$E$51))+(N12*O12))-(M13*N12))/(O13) -> 1.1525773 | O13: =O12-M13 -> 2340 | R13: 20 | U13: =((((((P13+Q13)*30)/$E$50)+((R13+S13)/$E$51))+(U12*V12))-(T13*U12))/(V13) -> 1.348501 | V13: =V12-T13 -> 2340 | W13: 2 | Y13: 20 | AB13: =((((((W13+X13)*30)/$E$50)+((Y13+Z13)/$E$51))+(AB12*AC12))-(AA13*AB12))/(AC13) -> 1.5703945 | AC13: =AC12-AA13 -> 2340 | AF13: 20 | AI13: =((((((AD13+AE13)*30)/$E$50)+((AF13+AG13)/$E$51))+(AI12*AJ12))-(AH13*AI12))/(AJ13) -> 1.6964629 | AJ13: =AJ12-AH13 -> 2340 | AM13: 20 | AP13: =((((((AK13+AL13)*30)/$E$50)+((AM13+AN13)/$E$51))+(AP12*AQ12))-(AO13*AP12))/(AQ13) -> 1.8082315 | AQ13: =AQ12-AO13 -> 2340 | AT13: 20 | AW13: =((((((AR13+AS13)*30)/$E$50)+((AT13+AU13)/$E$51))+(AW12*AX12))-(AV13*AW12))/(AX13) -> 1.9533663 | AX13: =AX12-AV13 -> 2340 | BA13: 20 | BC13: 4 | BD13: =((((((AY13+AZ13)*30)/$E$50)+((BA13+BB13)/$E$51))+(BD12*BE12))-(BC13*BD12))/(BE13) -> 2.1051753 | BE13: =BE12-BC13 -> 2275 | BF13: 4 | BK13: =((((((BF13+BG13)*30)/$E$50)+((BH13+BI13)/$E$51))+(BK12*BL12))-(BJ13*BK12))/(BL13) -> 2.2621973 | BL13: =BL12-BJ13 -> 2227 | BR13: =((((((BM13+BN13)*30)/$E$50)+((BO13+BP13)/$E$51))+(BR12*BS12))-(BQ13*BR12))/(BS13) -> 2.426613 | BS13: =BS12-BQ13 -> 2227 | BY13: =((((((BT13+BU13)*30)/$E$50)+((BV13+BW13)/$E$51))+(BY12*BZ12))-(BX13*BY12))/(BZ13) -> 2.426613 | BZ13: =BZ12-BX13 -> 2227 | CF13: =((((((CA13+CB13)*30)/$E$50)+((CC13+CD13)/$E$51))+(CF12*CG12))-(CE13*CF12))/(CG13) -> 2.426613 | CG13: =CG12-CE13 -> 2227 | CM13: =((((((CH13+CI13)*30)/$E$50)+((CJ13+CK13)/$E$51))+(CM12*CN12))-(CL13*CM12))/(CN13) -> 2.426613 | CN13: =CN12-CL13 -> 2227 | CT13: =((((((CO13+CP13)*30)/$E$50)+((CQ13+CR13)/$E$51))+(CT12*CU12))-(CS13*CT12))/(CU13) -> 2.426613 | CU13: =CU12-CS13 -> 2227 | DA13: =((((((CV13+CW13)*30)/$E$50)+((CX13+CY13)/$E$51))+(DA12*DB12))-(CZ13*DA12))/(DB13) -> 2.426613 | DB13: =DB12-CZ13 -> 2227 | DH13: =((((((DC13+DD13)*30)/$E$50)+((DE13+DF13)/$E$51))+(DH12*DI12))-(DG13*DH12))/(DI13) -> 2.426613 | DI13: =DI12-DG13 -> 2227 | DO13: =((((((DJ13+DK13)*30)/$E$50)+((DL13+DM13)/$E$51))+(DO12*DP12))-(DN13*DO12))/(DP13) -> 2.426613 | DP13: =DP12-DN13 -> 2227 | DV13: =((((((DQ13+DR13)*30)/$E$50)+((DS13+DT13)/$E$51))+(DV12*DW12))-(DU13*DV12))/(DW13) -> 2.426613 | DW13: =DW12-DU13 -> 2227 | EC13: =((((((DX13+DY13)*30)/$E$50)+((DZ13+EA13)/$E$51))+(EC12*ED12))-(EB13*EC12))/(ED13) -> 2.426613 | ED13: =ED12-EB13 -> 2227 | EJ13: =((((((EE13+EF13)*30)/$E$50)+((EG13+EH13)/$E$51))+(EJ12*EK12))-(EI13*EJ12))/(EK13) -> 2.426613 | EK13: =EK12-EI13 -> 2227 | EQ13: =((((((EL13+EM13)*30)/$E$50)+((EN13+EO13)/$E$51))+(EQ12*ER12))-(EP13*EQ12))/(ER13) -> 2.426613 | ER13: =ER12-EP13 -> 2227 | EX13: =((((((ES13+ET13)*30)/$E$50)+((EU13+EV13)/$E$51))+(EX12*EY12))-(EW13*EX12))/(EY13) -> 2.426613 | EY13: =EY12-EW13 -> 2227 | FE13: =((((((EZ13+FA13)*30)/$E$50)+((FB13+FC13)/$E$51))+(FE12*FF12))-(FD13*FE12))/(FF13) -> 2.426613 | FF13: =FF12-FD13 -> 2227 | FL13: =((((((FG13+FH13)*30)/$E$50)+((FI13+FJ13)/$E$51))+(FL12*FM12))-(FK13*FL12))/(FM13) -> 2.426613 | FM13: =FM12-FK13 -> 2227 | FS13: =((((((FN13+FO13)*30)/$E$50)+((FP13+FQ13)/$E$51))+(FS12*FT12))-(FR13*FS12))/(FT13) -> 2.426613 | FT13: =FT12-FR13 -> 2227 | FZ13: =((((((FU13+FV13)*30)/$E$50)+((FW13+FX13)/$E$51))+(FZ12*GA12))-(FY13*FZ12))/(GA13) -> 2.426613 | GA13: =GA12-FY13 -> 2227 | GG13: =((((((GB13+GC13)*30)/$E$50)+((GD13+GE13)/$E$51))+(GG12*GH12))-(GF13*GG12))/(GH13) -> 2.426613 | GH13: =GH12-GF13 -> 2227 | GN13: =((((((GI13+GJ13)*30)/$E$50)+((GK13+GL13)/$E$51))+(GN12*GO12))-(GM13*GN12))/(GO13) -> 2.426613 | GO13: =GO12-GM13 -> 2227 | GU13: =((((((GP13+GQ13)*30)/$E$50)+((GR13+GS13)/$E$51))+(GU12*GV12))-(GT13*GU12))/(GV13) -> 2.426613 | GV13: =GV12-GT13 -> 2227
A14: 11 | G14: =((((((B14+C14)*30)/$E$50)+((D14+E14)/$E$51))+(G13*H13))-(F14*G13))/(H14) -> 1.1 | H14: =H13-F14 -> 2400 | K14: 30 | N14: =((((((I14+J14)*30)/$E$50)+((K14+L14)/$E$51))+(N13*O13))-(M14*N13))/(O14) -> 1.1589876 | O14: =O13-M14 -> 2340 | R14: 40 | U14: =((((((P14+Q14)*30)/$E$50)+((R14+S14)/$E$51))+(U13*V13))-(T14*U13))/(V14) -> 1.3570481 | V14: =V13-T14 -> 2340 | W14: 3 | Y14: 20 | AB14: =((((((W14+X14)*30)/$E$50)+((Y14+Z14)/$E$51))+(AB13*AC13))-(AA14*AB13))/(AC14) -> 1.5805852 | AC14: =AC13-AA14 -> 2340 | AF14: 20 | AI14: =((((((AD14+AE14)*30)/$E$50)+((AF14+AG14)/$E$51))+(AI13*AJ13))-(AH14*AI13))/(AJ14) -> 1.7007364 | AJ14: =AJ13-AH14 -> 2340 | AM14: 30 | AP14: =((((((AK14+AL14)*30)/$E$50)+((AM14+AN14)/$E$51))+(AP13*AQ13))-(AO14*AP13))/(AQ14) -> 1.8146417 | AQ14: =AQ13-AO14 -> 2340 | AT14: 20 | AW14: =((((((AR14+AS14)*30)/$E$50)+((AT14+AU14)/$E$51))+(AW13*AX13))-(AV14*AW13))/(AX14) -> 1.9576398 | AX14: =AX13-AV14 -> 2340 | BA14: 20 | BD14: =((((((AY14+AZ14)*30)/$E$50)+((BA14+BB14)/$E$51))+(BD13*BE13))-(BC14*BD13))/(BE14) -> 2.1095709 | BE14: =BE13-BC14 -> 2275 | BF14: 4 | BK14: =((((((BF14+BG14)*30)/$E$50)+((BH14+BI14)/$E$51))+(BK13*BL13))-(BJ14*BK13))/(BL14) -> 2.2704872 | BL14: =BL13-BJ14 -> 2227 | BR14: =((((((BM14+BN14)*30)/$E$50)+((BO14+BP14)/$E$51))+(BR13*BS13))-(BQ14*BR13))/(BS14) -> 2.426613 | BS14: =BS13-BQ14 -> 2227 | BY14: =((((((BT14+BU14)*30)/$E$50)+((BV14+BW14)/$E$51))+(BY13*BZ13))-(BX14*BY13))/(BZ14) -> 2.426613 | BZ14: =BZ13-BX14 -> 2227 | CF14: =((((((CA14+CB14)*30)/$E$50)+((CC14+CD14)/$E$51))+(CF13*CG13))-(CE14*CF13))/(CG14) -> 2.426613 | CG14: =CG13-CE14 -> 2227 | CM14: =((((((CH14+CI14)*30)/$E$50)+((CJ14+CK14)/$E$51))+(CM13*CN13))-(CL14*CM13))/(CN14) -> 2.426613 | CN14: =CN13-CL14 -> 2227 | CT14: =((((((CO14+CP14)*30)/$E$50)+((CQ14+CR14)/$E$51))+(CT13*CU13))-(CS14*CT13))/(CU14) -> 2.426613 | CU14: =CU13-CS14 -> 2227 | DA14: =((((((CV14+CW14)*30)/$E$50)+((CX14+CY14)/$E$51))+(DA13*DB13))-(CZ14*DA13))/(DB14) -> 2.426613 | DB14: =DB13-CZ14 -> 2227 | DH14: =((((((DC14+DD14)*30)/$E$50)+((DE14+DF14)/$E$51))+(DH13*DI13))-(DG14*DH13))/(DI14) -> 2.426613 | DI14: =DI13-DG14 -> 2227 | DO14: =((((((DJ14+DK14)*30)/$E$50)+((DL14+DM14)/$E$51))+(DO13*DP13))-(DN14*DO13))/(DP14) -> 2.426613 | DP14: =DP13-DN14 -> 2227 | DV14: =((((((DQ14+DR14)*30)/$E$50)+((DS14+DT14)/$E$51))+(DV13*DW13))-(DU14*DV13))/(DW14) -> 2.426613 | DW14: =DW13-DU14 -> 2227 | EC14: =((((((DX14+DY14)*30)/$E$50)+((DZ14+EA14)/$E$51))+(EC13*ED13))-(EB14*EC13))/(ED14) -> 2.426613 | ED14: =ED13-EB14 -> 2227 | EJ14: =((((((EE14+EF14)*30)/$E$50)+((EG14+EH14)/$E$51))+(EJ13*EK13))-(EI14*EJ13))/(EK14) -> 2.426613 | EK14: =EK13-EI14 -> 2227 | EQ14: =((((((EL14+EM14)*30)/$E$50)+((EN14+EO14)/$E$51))+(EQ13*ER13))-(EP14*EQ13))/(ER14) -> 2.426613 | ER14: =ER13-EP14 -> 2227 | EX14: =((((((ES14+ET14)*30)/$E$50)+((EU14+EV14)/$E$51))+(EX13*EY13))-(EW14*EX13))/(EY14) -> 2.426613 | EY14: =EY13-EW14 -> 2227 | FE14: =((((((EZ14+FA14)*30)/$E$50)+((FB14+FC14)/$E$51))+(FE13*FF13))-(FD14*FE13))/(FF14) -> 2.426613 | FF14: =FF13-FD14 -> 2227 | FL14: =((((((FG14+FH14)*30)/$E$50)+((FI14+FJ14)/$E$51))+(FL13*FM13))-(FK14*FL13))/(FM14) -> 2.426613 | FM14: =FM13-FK14 -> 2227 | FS14: =((((((FN14+FO14)*30)/$E$50)+((FP14+FQ14)/$E$51))+(FS13*FT13))-(FR14*FS13))/(FT14) -> 2.426613 | FT14: =FT13-FR14 -> 2227 | FZ14: =((((((FU14+FV14)*30)/$E$50)+((FW14+FX14)/$E$51))+(FZ13*GA13))-(FY14*FZ13))/(GA14) -> 2.426613 | GA14: =GA13-FY14 -> 2227 | GG14: =((((((GB14+GC14)*30)/$E$50)+((GD14+GE14)/$E$51))+(GG13*GH13))-(GF14*GG13))/(GH14) -> 2.426613 | GH14: =GH13-GF14 -> 2227 | GN14: =((((((GI14+GJ14)*30)/$E$50)+((GK14+GL14)/$E$51))+(GN13*GO13))-(GM14*GN13))/(GO14) -> 2.426613 | GO14: =GO13-GM14 -> 2227 | GU14: =((((((GP14+GQ14)*30)/$E$50)+((GR14+GS14)/$E$51))+(GU13*GV13))-(GT14*GU13))/(GV14) -> 2.426613 | GV14: =GV13-GT14 -> 2227
A15: 12 | G15: =((((((B15+C15)*30)/$E$50)+((D15+E15)/$E$51))+(G14*H14))-(F15*G14))/(H15) -> 1.1 | H15: =H14-F15 -> 2400 | K15: 20 | N15: =((((((I15+J15)*30)/$E$50)+((K15+L15)/$E$51))+(N14*O14))-(M15*N14))/(O15) -> 1.1632611 | O15: =O14-M15 -> 2340 | P15: 1 | R15: 20 | U15: =((((((P15+Q15)*30)/$E$50)+((R15+S15)/$E$51))+(U14*V14))-(T15*U14))/(V15) -> 1.3632939 | V15: =V14-T15 -> 2340 | W15: 1 | AB15: =((((((W15+X15)*30)/$E$50)+((Y15+Z15)/$E$51))+(AB14*AC14))-(AA15*AB14))/(AC15) -> 1.5825576 | AC15: =AC14-AA15 -> 2340 | AF15: 20 | AI15: =((((((AD15+AE15)*30)/$E$50)+((AF15+AG15)/$E$51))+(AI14*AJ14))-(AH15*AI14))/(AJ15) -> 1.7050099 | AJ15: =AJ14-AH15 -> 2340 | AM15: 20 | AP15: =((((((AK15+AL15)*30)/$E$50)+((AM15+AN15)/$E$51))+(AP14*AQ14))-(AO15*AP14))/(AQ15) -> 1.8189152 | AQ15: =AQ14-AO15 -> 2340 | AT15: 20 | AW15: =((((((AR15+AS15)*30)/$E$50)+((AT15+AU15)/$E$51))+(AW14*AX14))-(AV15*AW14))/(AX15) -> 1.9619133 | AX15: =AX14-AV15 -> 2340 | AY15: 2 | BC15: 6 | BD15: =((((((AY15+AZ15)*30)/$E$50)+((BA15+BB15)/$E$51))+(BD14*BE14))-(BC15*BD14))/(BE15) -> 2.1136391 | BE15: =BE14-BC15 -> 2269 | BF15: 4 | BK15: =((((((BF15+BG15)*30)/$E$50)+((BH15+BI15)/$E$51))+(BK14*BL14))-(BJ15*BK14))/(BL15) -> 2.278777 | BL15: =BL14-BJ15 -> 2227 | BR15: =((((((BM15+BN15)*30)/$E$50)+((BO15+BP15)/$E$51))+(BR14*BS14))-(BQ15*BR14))/(BS15) -> 2.426613 | BS15: =BS14-BQ15 -> 2227 | BY15: =((((((BT15+BU15)*30)/$E$50)+((BV15+BW15)/$E$51))+(BY14*BZ14))-(BX15*BY14))/(BZ15) -> 2.426613 | BZ15: =BZ14-BX15 -> 2227 | CF15: =((((((CA15+CB15)*30)/$E$50)+((CC15+CD15)/$E$51))+(CF14*CG14))-(CE15*CF14))/(CG15) -> 2.426613 | CG15: =CG14-CE15 -> 2227 | CM15: =((((((CH15+CI15)*30)/$E$50)+((CJ15+CK15)/$E$51))+(CM14*CN14))-(CL15*CM14))/(CN15) -> 2.426613 | CN15: =CN14-CL15 -> 2227 | CT15: =((((((CO15+CP15)*30)/$E$50)+((CQ15+CR15)/$E$51))+(CT14*CU14))-(CS15*CT14))/(CU15) -> 2.426613 | CU15: =CU14-CS15 -> 2227 | DA15: =((((((CV15+CW15)*30)/$E$50)+((CX15+CY15)/$E$51))+(DA14*DB14))-(CZ15*DA14))/(DB15) -> 2.426613 | DB15: =DB14-CZ15 -> 2227 | DH15: =((((((DC15+DD15)*30)/$E$50)+((DE15+DF15)/$E$51))+(DH14*DI14))-(DG15*DH14))/(DI15) -> 2.426613 | DI15: =DI14-DG15 -> 2227 | DO15: =((((((DJ15+DK15)*30)/$E$50)+((DL15+DM15)/$E$51))+(DO14*DP14))-(DN15*DO14))/(DP15) -> 2.426613 | DP15: =DP14-DN15 -> 2227 | DV15: =((((((DQ15+DR15)*30)/$E$50)+((DS15+DT15)/$E$51))+(DV14*DW14))-(DU15*DV14))/(DW15) -> 2.426613 | DW15: =DW14-DU15 -> 2227 | EC15: =((((((DX15+DY15)*30)/$E$50)+((DZ15+EA15)/$E$51))+(EC14*ED14))-(EB15*EC14))/(ED15) -> 2.426613 | ED15: =ED14-EB15 -> 2227 | EJ15: =((((((EE15+EF15)*30)/$E$50)+((EG15+EH15)/$E$51))+(EJ14*EK14))-(EI15*EJ14))/(EK15) -> 2.426613 | EK15: =EK14-EI15 -> 2227 | EQ15: =((((((EL15+EM15)*30)/$E$50)+((EN15+EO15)/$E$51))+(EQ14*ER14))-(EP15*EQ14))/(ER15) -> 2.426613 | ER15: =ER14-EP15 -> 2227 | EX15: =((((((ES15+ET15)*30)/$E$50)+((EU15+EV15)/$E$51))+(EX14*EY14))-(EW15*EX14))/(EY15) -> 2.426613 | EY15: =EY14-EW15 -> 2227 | FE15: =((((((EZ15+FA15)*30)/$E$50)+((FB15+FC15)/$E$51))+(FE14*FF14))-(FD15*FE14))/(FF15) -> 2.426613 | FF15: =FF14-FD15 -> 2227 | FL15: =((((((FG15+FH15)*30)/$E$50)+((FI15+FJ15)/$E$51))+(FL14*FM14))-(FK15*FL14))/(FM15) -> 2.426613 | FM15: =FM14-FK15 -> 2227 | FS15: =((((((FN15+FO15)*30)/$E$50)+((FP15+FQ15)/$E$51))+(FS14*FT14))-(FR15*FS14))/(FT15) -> 2.426613 | FT15: =FT14-FR15 -> 2227 | FZ15: =((((((FU15+FV15)*30)/$E$50)+((FW15+FX15)/$E$51))+(FZ14*GA14))-(FY15*FZ14))/(GA15) -> 2.426613 | GA15: =GA14-FY15 -> 2227 | GG15: =((((((GB15+GC15)*30)/$E$50)+((GD15+GE15)/$E$51))+(GG14*GH14))-(GF15*GG14))/(GH15) -> 2.426613 | GH15: =GH14-GF15 -> 2227 | GN15: =((((((GI15+GJ15)*30)/$E$50)+((GK15+GL15)/$E$51))+(GN14*GO14))-(GM15*GN14))/(GO15) -> 2.426613 | GO15: =GO14-GM15 -> 2227 | GU15: =((((((GP15+GQ15)*30)/$E$50)+((GR15+GS15)/$E$51))+(GU14*GV14))-(GT15*GU14))/(GV15) -> 2.426613 | GV15: =GV14-GT15 -> 2227
A16: 13 | G16: =((((((B16+C16)*30)/$E$50)+((D16+E16)/$E$51))+(G15*H15))-(F16*G15))/(H16) -> 1.1 | H16: =H15-F16 -> 2400 | K16: 30 | N16: =((((((I16+J16)*30)/$E$50)+((K16+L16)/$E$51))+(N15*O15))-(M16*N15))/(O16) -> 1.1696713 | O16: =O15-M16 -> 2340 | P16: 2 | R16: 20 | U16: =((((((P16+Q16)*30)/$E$50)+((R16+S16)/$E$51))+(U15*V15))-(T16*U15))/(V16) -> 1.3715122 | V16: =V15-T16 -> 2340 | W16: 2 | AB16: =((((((W16+X16)*30)/$E$50)+((Y16+Z16)/$E$51))+(AB15*AC15))-(AA16*AB15))/(AC16) -> 1.5865024 | AC16: =AC15-AA16 -> 2340 | AF16: 20 | AI16: =((((((AD16+AE16)*30)/$E$50)+((AF16+AG16)/$E$51))+(AI15*AJ15))-(AH16*AI15))/(AJ16) -> 1.7092834 | AJ16: =AJ15-AH16 -> 2340 | AM16: 20 | AP16: =((((((AK16+AL16)*30)/$E$50)+((AM16+AN16)/$E$51))+(AP15*AQ15))-(AO16*AP15))/(AQ16) -> 1.8231887 | AQ16: =AQ15-AO16 -> 2340 | AT16: 20 | AW16: =((((((AR16+AS16)*30)/$E$50)+((AT16+AU16)/$E$51))+(AW15*AX15))-(AV16*AW15))/(AX16) -> 1.9661868 | AX16: =AX15-AV16 -> 2340 | AY16: 3 | BC16: 4 | BD16: =((((((AY16+AZ16)*30)/$E$50)+((BA16+BB16)/$E$51))+(BD15*BE15))-(BC16*BD15))/(BE16) -> 2.1197522 | BE16: =BE15-BC16 -> 2265 | BF16: 4 | BK16: =((((((BF16+BG16)*30)/$E$50)+((BH16+BI16)/$E$51))+(BK15*BL15))-(BJ16*BK15))/(BL16) -> 2.2870669 | BL16: =BL15-BJ16 -> 2227 | BR16: =((((((BM16+BN16)*30)/$E$50)+((BO16+BP16)/$E$51))+(BR15*BS15))-(BQ16*BR15))/(BS16) -> 2.426613 | BS16: =BS15-BQ16 -> 2227 | BY16: =((((((BT16+BU16)*30)/$E$50)+((BV16+BW16)/$E$51))+(BY15*BZ15))-(BX16*BY15))/(BZ16) -> 2.426613 | BZ16: =BZ15-BX16 -> 2227 | CF16: =((((((CA16+CB16)*30)/$E$50)+((CC16+CD16)/$E$51))+(CF15*CG15))-(CE16*CF15))/(CG16) -> 2.426613 | CG16: =CG15-CE16 -> 2227 | CM16: =((((((CH16+CI16)*30)/$E$50)+((CJ16+CK16)/$E$51))+(CM15*CN15))-(CL16*CM15))/(CN16) -> 2.426613 | CN16: =CN15-CL16 -> 2227 | CT16: =((((((CO16+CP16)*30)/$E$50)+((CQ16+CR16)/$E$51))+(CT15*CU15))-(CS16*CT15))/(CU16) -> 2.426613 | CU16: =CU15-CS16 -> 2227 | DA16: =((((((CV16+CW16)*30)/$E$50)+((CX16+CY16)/$E$51))+(DA15*DB15))-(CZ16*DA15))/(DB16) -> 2.426613 | DB16: =DB15-CZ16 -> 2227 | DH16: =((((((DC16+DD16)*30)/$E$50)+((DE16+DF16)/$E$51))+(DH15*DI15))-(DG16*DH15))/(DI16) -> 2.426613 | DI16: =DI15-DG16 -> 2227 | DO16: =((((((DJ16+DK16)*30)/$E$50)+((DL16+DM16)/$E$51))+(DO15*DP15))-(DN16*DO15))/(DP16) -> 2.426613 | DP16: =DP15-DN16 -> 2227 | DV16: =((((((DQ16+DR16)*30)/$E$50)+((DS16+DT16)/$E$51))+(DV15*DW15))-(DU16*DV15))/(DW16) -> 2.426613 | DW16: =DW15-DU16 -> 2227 | EC16: =((((((DX16+DY16)*30)/$E$50)+((DZ16+EA16)/$E$51))+(EC15*ED15))-(EB16*EC15))/(ED16) -> 2.426613 | ED16: =ED15-EB16 -> 2227 | EJ16: =((((((EE16+EF16)*30)/$E$50)+((EG16+EH16)/$E$51))+(EJ15*EK15))-(EI16*EJ15))/(EK16) -> 2.426613 | EK16: =EK15-EI16 -> 2227 | EQ16: =((((((EL16+EM16)*30)/$E$50)+((EN16+EO16)/$E$51))+(EQ15*ER15))-(EP16*EQ15))/(ER16) -> 2.426613 | ER16: =ER15-EP16 -> 2227 | EX16: =((((((ES16+ET16)*30)/$E$50)+((EU16+EV16)/$E$51))+(EX15*EY15))-(EW16*EX15))/(EY16) -> 2.426613 | EY16: =EY15-EW16 -> 2227 | FE16: =((((((EZ16+FA16)*30)/$E$50)+((FB16+FC16)/$E$51))+(FE15*FF15))-(FD16*FE15))/(FF16) -> 2.426613 | FF16: =FF15-FD16 -> 2227 | FL16: =((((((FG16+FH16)*30)/$E$50)+((FI16+FJ16)/$E$51))+(FL15*FM15))-(FK16*FL15))/(FM16) -> 2.426613 | FM16: =FM15-FK16 -> 2227 | FS16: =((((((FN16+FO16)*30)/$E$50)+((FP16+FQ16)/$E$51))+(FS15*FT15))-(FR16*FS15))/(FT16) -> 2.426613 | FT16: =FT15-FR16 -> 2227 | FZ16: =((((((FU16+FV16)*30)/$E$50)+((FW16+FX16)/$E$51))+(FZ15*GA15))-(FY16*FZ15))/(GA16) -> 2.426613 | GA16: =GA15-FY16 -> 2227 | GG16: =((((((GB16+GC16)*30)/$E$50)+((GD16+GE16)/$E$51))+(GG15*GH15))-(GF16*GG15))/(GH16) -> 2.426613 | GH16: =GH15-GF16 -> 2227 | GN16: =((((((GI16+GJ16)*30)/$E$50)+((GK16+GL16)/$E$51))+(GN15*GO15))-(GM16*GN15))/(GO16) -> 2.426613 | GO16: =GO15-GM16 -> 2227 | GU16: =((((((GP16+GQ16)*30)/$E$50)+((GR16+GS16)/$E$51))+(GU15*GV15))-(GT16*GU15))/(GV16) -> 2.426613 | GV16: =GV15-GT16 -> 2227
A17: 14 | G17: =((((((B17+C17)*30)/$E$50)+((D17+E17)/$E$51))+(G16*H16))-(F17*G16))/(H17) -> 1.1 | H17: =H16-F17 -> 2400 | K17: 20 | N17: =((((((I17+J17)*30)/$E$50)+((K17+L17)/$E$51))+(N16*O16))-(M17*N16))/(O17) -> 1.1739448 | O17: =O16-M17 -> 2340 | P17: 2 | R17: 20 | U17: =((((((P17+Q17)*30)/$E$50)+((R17+S17)/$E$51))+(U16*V16))-(T17*U16))/(V17) -> 1.3797305 | V17: =V16-T17 -> 2340 | AB17: =((((((W17+X17)*30)/$E$50)+((Y17+Z17)/$E$51))+(AB16*AC16))-(AA17*AB16))/(AC17) -> 1.5865024 | AC17: =AC16-AA17 -> 2340 | AF17: 20 | AI17: =((((((AD17+AE17)*30)/$E$50)+((AF17+AG17)/$E$51))+(AI16*AJ16))-(AH17*AI16))/(AJ17) -> 1.7135569 | AJ17: =AJ16-AH17 -> 2340 | AM17: 20 | AP17: =((((((AK17+AL17)*30)/$E$50)+((AM17+AN17)/$E$51))+(AP16*AQ16))-(AO17*AP16))/(AQ17) -> 1.8274623 | AQ17: =AQ16-AO17 -> 2340 | AR17: 3 | AW17: =((((((AR17+AS17)*30)/$E$50)+((AT17+AU17)/$E$51))+(AW16*AX16))-(AV17*AW16))/(AX17) -> 1.9721039 | AX17: =AX16-AV17 -> 2340 | AY17: 3 | BC17: 7 | BD17: =((((((AY17+AZ17)*30)/$E$50)+((BA17+BB17)/$E$51))+(BD16*BE16))-(BC17*BD16))/(BE17) -> 2.1258842 | BE17: =BE16-BC17 -> 2258 | BF17: 5 | BK17: =((((((BF17+BG17)*30)/$E$50)+((BH17+BI17)/$E$51))+(BK16*BL16))-(BJ17*BK16))/(BL17) -> 2.2974293 | BL17: =BL16-BJ17 -> 2227 | BR17: =((((((BM17+BN17)*30)/$E$50)+((BO17+BP17)/$E$51))+(BR16*BS16))-(BQ17*BR16))/(BS17) -> 2.426613 | BS17: =BS16-BQ17 -> 2227 | BY17: =((((((BT17+BU17)*30)/$E$50)+((BV17+BW17)/$E$51))+(BY16*BZ16))-(BX17*BY16))/(BZ17) -> 2.426613 | BZ17: =BZ16-BX17 -> 2227 | CF17: =((((((CA17+CB17)*30)/$E$50)+((CC17+CD17)/$E$51))+(CF16*CG16))-(CE17*CF16))/(CG17) -> 2.426613 | CG17: =CG16-CE17 -> 2227 | CM17: =((((((CH17+CI17)*30)/$E$50)+((CJ17+CK17)/$E$51))+(CM16*CN16))-(CL17*CM16))/(CN17) -> 2.426613 | CN17: =CN16-CL17 -> 2227 | CT17: =((((((CO17+CP17)*30)/$E$50)+((CQ17+CR17)/$E$51))+(CT16*CU16))-(CS17*CT16))/(CU17) -> 2.426613 | CU17: =CU16-CS17 -> 2227 | DA17: =((((((CV17+CW17)*30)/$E$50)+((CX17+CY17)/$E$51))+(DA16*DB16))-(CZ17*DA16))/(DB17) -> 2.426613 | DB17: =DB16-CZ17 -> 2227 | DH17: =((((((DC17+DD17)*30)/$E$50)+((DE17+DF17)/$E$51))+(DH16*DI16))-(DG17*DH16))/(DI17) -> 2.426613 | DI17: =DI16-DG17 -> 2227 | DO17: =((((((DJ17+DK17)*30)/$E$50)+((DL17+DM17)/$E$51))+(DO16*DP16))-(DN17*DO16))/(DP17) -> 2.426613 | DP17: =DP16-DN17 -> 2227 | DV17: =((((((DQ17+DR17)*30)/$E$50)+((DS17+DT17)/$E$51))+(DV16*DW16))-(DU17*DV16))/(DW17) -> 2.426613 | DW17: =DW16-DU17 -> 2227 | EC17: =((((((DX17+DY17)*30)/$E$50)+((DZ17+EA17)/$E$51))+(EC16*ED16))-(EB17*EC16))/(ED17) -> 2.426613 | ED17: =ED16-EB17 -> 2227 | EJ17: =((((((EE17+EF17)*30)/$E$50)+((EG17+EH17)/$E$51))+(EJ16*EK16))-(EI17*EJ16))/(EK17) -> 2.426613 | EK17: =EK16-EI17 -> 2227 | EQ17: =((((((EL17+EM17)*30)/$E$50)+((EN17+EO17)/$E$51))+(EQ16*ER16))-(EP17*EQ16))/(ER17) -> 2.426613 | ER17: =ER16-EP17 -> 2227 | EX17: =((((((ES17+ET17)*30)/$E$50)+((EU17+EV17)/$E$51))+(EX16*EY16))-(EW17*EX16))/(EY17) -> 2.426613 | EY17: =EY16-EW17 -> 2227 | FE17: =((((((EZ17+FA17)*30)/$E$50)+((FB17+FC17)/$E$51))+(FE16*FF16))-(FD17*FE16))/(FF17) -> 2.426613 | FF17: =FF16-FD17 -> 2227 | FL17: =((((((FG17+FH17)*30)/$E$50)+((FI17+FJ17)/$E$51))+(FL16*FM16))-(FK17*FL16))/(FM17) -> 2.426613 | FM17: =FM16-FK17 -> 2227 | FS17: =((((((FN17+FO17)*30)/$E$50)+((FP17+FQ17)/$E$51))+(FS16*FT16))-(FR17*FS16))/(FT17) -> 2.426613 | FT17: =FT16-FR17 -> 2227 | FZ17: =((((((FU17+FV17)*30)/$E$50)+((FW17+FX17)/$E$51))+(FZ16*GA16))-(FY17*FZ16))/(GA17) -> 2.426613 | GA17: =GA16-FY17 -> 2227 | GG17: =((((((GB17+GC17)*30)/$E$50)+((GD17+GE17)/$E$51))+(GG16*GH16))-(GF17*GG16))/(GH17) -> 2.426613 | GH17: =GH16-GF17 -> 2227 | GN17: =((((((GI17+GJ17)*30)/$E$50)+((GK17+GL17)/$E$51))+(GN16*GO16))-(GM17*GN16))/(GO17) -> 2.426613 | GO17: =GO16-GM17 -> 2227 | GU17: =((((((GP17+GQ17)*30)/$E$50)+((GR17+GS17)/$E$51))+(GU16*GV16))-(GT17*GU16))/(GV17) -> 2.426613 | GV17: =GV16-GT17 -> 2227
A18: 15 | G18: =((((((B18+C18)*30)/$E$50)+((D18+E18)/$E$51))+(G17*H17))-(F18*G17))/(H18) -> 1.1 | H18: =H17-F18 -> 2400 | K18: 20 | N18: =((((((I18+J18)*30)/$E$50)+((K18+L18)/$E$51))+(N17*O17))-(M18*N17))/(O18) -> 1.1782183 | O18: =O17-M18 -> 2340 | P18: 2 | U18: =((((((P18+Q18)*30)/$E$50)+((R18+S18)/$E$51))+(U17*V17))-(T18*U17))/(V18) -> 1.3836753 | V18: =V17-T18 -> 2340 | W18: 1 | AB18: =((((((W18+X18)*30)/$E$50)+((Y18+Z18)/$E$51))+(AB17*AC17))-(AA18*AB17))/(AC18) -> 1.5884747 | AC18: =AC17-AA18 -> 2340 | AF18: 20 | AI18: =((((((AD18+AE18)*30)/$E$50)+((AF18+AG18)/$E$51))+(AI17*AJ17))-(AH18*AI17))/(AJ18) -> 1.7178304 | AJ18: =AJ17-AH18 -> 2340 | AK18: 2 | AP18: =((((((AK18+AL18)*30)/$E$50)+((AM18+AN18)/$E$51))+(AP17*AQ17))-(AO18*AP17))/(AQ18) -> 1.831407 | AQ18: =AQ17-AO18 -> 2340 | AW18: =((((((AR18+AS18)*30)/$E$50)+((AT18+AU18)/$E$51))+(AW17*AX17))-(AV18*AW17))/(AX18) -> 1.9721039 | AX18: =AX17-AV18 -> 2340 | AY18: 3 | BC18: 3 | BD18: =((((((AY18+AZ18)*30)/$E$50)+((BA18+BB18)/$E$51))+(BD17*BE17))-(BC18*BD17))/(BE18) -> 2.1320244 | BE18: =BE17-BC18 -> 2255 | BF18: 4 | BK18: =((((((BF18+BG18)*30)/$E$50)+((BH18+BI18)/$E$51))+(BK17*BL17))-(BJ18*BK17))/(BL18) -> 2.3057191 | BL18: =BL17-BJ18 -> 2227 | BR18: =((((((BM18+BN18)*30)/$E$50)+((BO18+BP18)/$E$51))+(BR17*BS17))-(BQ18*BR17))/(BS18) -> 2.426613 | BS18: =BS17-BQ18 -> 2227 | BY18: =((((((BT18+BU18)*30)/$E$50)+((BV18+BW18)/$E$51))+(BY17*BZ17))-(BX18*BY17))/(BZ18) -> 2.426613 | BZ18: =BZ17-BX18 -> 2227 | CF18: =((((((CA18+CB18)*30)/$E$50)+((CC18+CD18)/$E$51))+(CF17*CG17))-(CE18*CF17))/(CG18) -> 2.426613 | CG18: =CG17-CE18 -> 2227 | CM18: =((((((CH18+CI18)*30)/$E$50)+((CJ18+CK18)/$E$51))+(CM17*CN17))-(CL18*CM17))/(CN18) -> 2.426613 | CN18: =CN17-CL18 -> 2227 | CT18: =((((((CO18+CP18)*30)/$E$50)+((CQ18+CR18)/$E$51))+(CT17*CU17))-(CS18*CT17))/(CU18) -> 2.426613 | CU18: =CU17-CS18 -> 2227 | DA18: =((((((CV18+CW18)*30)/$E$50)+((CX18+CY18)/$E$51))+(DA17*DB17))-(CZ18*DA17))/(DB18) -> 2.426613 | DB18: =DB17-CZ18 -> 2227 | DH18: =((((((DC18+DD18)*30)/$E$50)+((DE18+DF18)/$E$51))+(DH17*DI17))-(DG18*DH17))/(DI18) -> 2.426613 | DI18: =DI17-DG18 -> 2227 | DO18: =((((((DJ18+DK18)*30)/$E$50)+((DL18+DM18)/$E$51))+(DO17*DP17))-(DN18*DO17))/(DP18) -> 2.426613 | DP18: =DP17-DN18 -> 2227 | DV18: =((((((DQ18+DR18)*30)/$E$50)+((DS18+DT18)/$E$51))+(DV17*DW17))-(DU18*DV17))/(DW18) -> 2.426613 | DW18: =DW17-DU18 -> 2227 | EC18: =((((((DX18+DY18)*30)/$E$50)+((DZ18+EA18)/$E$51))+(EC17*ED17))-(EB18*EC17))/(ED18) -> 2.426613 | ED18: =ED17-EB18 -> 2227 | EJ18: =((((((EE18+EF18)*30)/$E$50)+((EG18+EH18)/$E$51))+(EJ17*EK17))-(EI18*EJ17))/(EK18) -> 2.426613 | EK18: =EK17-EI18 -> 2227 | EQ18: =((((((EL18+EM18)*30)/$E$50)+((EN18+EO18)/$E$51))+(EQ17*ER17))-(EP18*EQ17))/(ER18) -> 2.426613 | ER18: =ER17-EP18 -> 2227 | EX18: =((((((ES18+ET18)*30)/$E$50)+((EU18+EV18)/$E$51))+(EX17*EY17))-(EW18*EX17))/(EY18) -> 2.426613 | EY18: =EY17-EW18 -> 2227 | FE18: =((((((EZ18+FA18)*30)/$E$50)+((FB18+FC18)/$E$51))+(FE17*FF17))-(FD18*FE17))/(FF18) -> 2.426613 | FF18: =FF17-FD18 -> 2227 | FL18: =((((((FG18+FH18)*30)/$E$50)+((FI18+FJ18)/$E$51))+(FL17*FM17))-(FK18*FL17))/(FM18) -> 2.426613 | FM18: =FM17-FK18 -> 2227 | FS18: =((((((FN18+FO18)*30)/$E$50)+((FP18+FQ18)/$E$51))+(FS17*FT17))-(FR18*FS17))/(FT18) -> 2.426613 | FT18: =FT17-FR18 -> 2227 | FZ18: =((((((FU18+FV18)*30)/$E$50)+((FW18+FX18)/$E$51))+(FZ17*GA17))-(FY18*FZ17))/(GA18) -> 2.426613 | GA18: =GA17-FY18 -> 2227 | GG18: =((((((GB18+GC18)*30)/$E$50)+((GD18+GE18)/$E$51))+(GG17*GH17))-(GF18*GG17))/(GH18) -> 2.426613 | GH18: =GH17-GF18 -> 2227 | GN18: =((((((GI18+GJ18)*30)/$E$50)+((GK18+GL18)/$E$51))+(GN17*GO17))-(GM18*GN17))/(GO18) -> 2.426613 | GO18: =GO17-GM18 -> 2227 | GU18: =((((((GP18+GQ18)*30)/$E$50)+((GR18+GS18)/$E$51))+(GU17*GV17))-(GT18*GU17))/(GV18) -> 2.426613 | GV18: =GV17-GT18 -> 2227
A19: 16 | G19: =((((((B19+C19)*30)/$E$50)+((D19+E19)/$E$51))+(G18*H18))-(F19*G18))/(H19) -> 1.1 | H19: =H18-F19 -> 2400 | I19: 1 | K19: 20 | N19: =((((((I19+J19)*30)/$E$50)+((K19+L19)/$E$51))+(N18*O18))-(M19*N18))/(O19) -> 1.1844642 | O19: =O18-M19 -> 2340 | P19: 3 | R19: 20 | U19: =((((((P19+Q19)*30)/$E$50)+((R19+S19)/$E$51))+(U18*V18))-(T19*U18))/(V19) -> 1.3938659 | V19: =V18-T19 -> 2340 | W19: 1 | Y19: 20 | AB19: =((((((W19+X19)*30)/$E$50)+((Y19+Z19)/$E$51))+(AB18*AC18))-(AA19*AB18))/(AC19) -> 1.5947206 | AC19: =AC18-AA19 -> 2340 | AI19: =((((((AD19+AE19)*30)/$E$50)+((AF19+AG19)/$E$51))+(AI18*AJ18))-(AH19*AI18))/(AJ19) -> 1.7178304 | AJ19: =AJ18-AH19 -> 2340 | AM19: 20 | AP19: =((((((AK19+AL19)*30)/$E$50)+((AM19+AN19)/$E$51))+(AP18*AQ18))-(AO19*AP18))/(AQ19) -> 1.8356805 | AQ19: =AQ18-AO19 -> 2340 | AT19: 20 | AW19: =((((((AR19+AS19)*30)/$E$50)+((AT19+AU19)/$E$51))+(AW18*AX18))-(AV19*AW18))/(AX19) -> 1.9763774 | AX19: =AX18-AV19 -> 2340 | AY19: 3 | BC19: 13 | BD19: =((((((AY19+AZ19)*30)/$E$50)+((BA19+BB19)/$E$51))+(BD18*BE18))-(BC19*BD18))/(BE19) -> 2.1382003 | BE19: =BE18-BC19 -> 2242 | BH19: 20 | BK19: =((((((BF19+BG19)*30)/$E$50)+((BH19+BI19)/$E$51))+(BK18*BL18))-(BJ19*BK18))/(BL19) -> 2.3102095 | BL19: =BL18-BJ19 -> 2227 | BR19: =((((((BM19+BN19)*30)/$E$50)+((BO19+BP19)/$E$51))+(BR18*BS18))-(BQ19*BR18))/(BS19) -> 2.426613 | BS19: =BS18-BQ19 -> 2227 | BY19: =((((((BT19+BU19)*30)/$E$50)+((BV19+BW19)/$E$51))+(BY18*BZ18))-(BX19*BY18))/(BZ19) -> 2.426613 | BZ19: =BZ18-BX19 -> 2227 | CF19: =((((((CA19+CB19)*30)/$E$50)+((CC19+CD19)/$E$51))+(CF18*CG18))-(CE19*CF18))/(CG19) -> 2.426613 | CG19: =CG18-CE19 -> 2227 | CM19: =((((((CH19+CI19)*30)/$E$50)+((CJ19+CK19)/$E$51))+(CM18*CN18))-(CL19*CM18))/(CN19) -> 2.426613 | CN19: =CN18-CL19 -> 2227 | CT19: =((((((CO19+CP19)*30)/$E$50)+((CQ19+CR19)/$E$51))+(CT18*CU18))-(CS19*CT18))/(CU19) -> 2.426613 | CU19: =CU18-CS19 -> 2227 | DA19: =((((((CV19+CW19)*30)/$E$50)+((CX19+CY19)/$E$51))+(DA18*DB18))-(CZ19*DA18))/(DB19) -> 2.426613 | DB19: =DB18-CZ19 -> 2227 | DH19: =((((((DC19+DD19)*30)/$E$50)+((DE19+DF19)/$E$51))+(DH18*DI18))-(DG19*DH18))/(DI19) -> 2.426613 | DI19: =DI18-DG19 -> 2227 | DO19: =((((((DJ19+DK19)*30)/$E$50)+((DL19+DM19)/$E$51))+(DO18*DP18))-(DN19*DO18))/(DP19) -> 2.426613 | DP19: =DP18-DN19 -> 2227 | DV19: =((((((DQ19+DR19)*30)/$E$50)+((DS19+DT19)/$E$51))+(DV18*DW18))-(DU19*DV18))/(DW19) -> 2.426613 | DW19: =DW18-DU19 -> 2227 | EC19: =((((((DX19+DY19)*30)/$E$50)+((DZ19+EA19)/$E$51))+(EC18*ED18))-(EB19*EC18))/(ED19) -> 2.426613 | ED19: =ED18-EB19 -> 2227 | EJ19: =((((((EE19+EF19)*30)/$E$50)+((EG19+EH19)/$E$51))+(EJ18*EK18))-(EI19*EJ18))/(EK19) -> 2.426613 | EK19: =EK18-EI19 -> 2227 | EQ19: =((((((EL19+EM19)*30)/$E$50)+((EN19+EO19)/$E$51))+(EQ18*ER18))-(EP19*EQ18))/(ER19) -> 2.426613 | ER19: =ER18-EP19 -> 2227 | EX19: =((((((ES19+ET19)*30)/$E$50)+((EU19+EV19)/$E$51))+(EX18*EY18))-(EW19*EX18))/(EY19) -> 2.426613 | EY19: =EY18-EW19 -> 2227 | FE19: =((((((EZ19+FA19)*30)/$E$50)+((FB19+FC19)/$E$51))+(FE18*FF18))-(FD19*FE18))/(FF19) -> 2.426613 | FF19: =FF18-FD19 -> 2227 | FL19: =((((((FG19+FH19)*30)/$E$50)+((FI19+FJ19)/$E$51))+(FL18*FM18))-(FK19*FL18))/(FM19) -> 2.426613 | FM19: =FM18-FK19 -> 2227 | FS19: =((((((FN19+FO19)*30)/$E$50)+((FP19+FQ19)/$E$51))+(FS18*FT18))-(FR19*FS18))/(FT19) -> 2.426613 | FT19: =FT18-FR19 -> 2227 | FZ19: =((((((FU19+FV19)*30)/$E$50)+((FW19+FX19)/$E$51))+(FZ18*GA18))-(FY19*FZ18))/(GA19) -> 2.426613 | GA19: =GA18-FY19 -> 2227 | GG19: =((((((GB19+GC19)*30)/$E$50)+((GD19+GE19)/$E$51))+(GG18*GH18))-(GF19*GG18))/(GH19) -> 2.426613 | GH19: =GH18-GF19 -> 2227 | GN19: =((((((GI19+GJ19)*30)/$E$50)+((GK19+GL19)/$E$51))+(GN18*GO18))-(GM19*GN18))/(GO19) -> 2.426613 | GO19: =GO18-GM19 -> 2227 | GU19: =((((((GP19+GQ19)*30)/$E$50)+((GR19+GS19)/$E$51))+(GU18*GV18))-(GT19*GU18))/(GV19) -> 2.426613 | GV19: =GV18-GT19 -> 2227
A20: 17 | G20: =((((((B20+C20)*30)/$E$50)+((D20+E20)/$E$51))+(G19*H19))-(F20*G19))/(H20) -> 1.1 | H20: =H19-F20 -> 2400 | K20: 10 | N20: =((((((I20+J20)*30)/$E$50)+((K20+L20)/$E$51))+(N19*O19))-(M20*N19))/(O20) -> 1.186601 | O20: =O19-M20 -> 2340 | P20: 2 | R20: 20 | U20: =((((((P20+Q20)*30)/$E$50)+((R20+S20)/$E$51))+(U19*V19))-(T20*U19))/(V20) -> 1.4020842 | V20: =V19-T20 -> 2340 | W20: 2 | Y20: 20 | AB20: =((((((W20+X20)*30)/$E$50)+((Y20+Z20)/$E$51))+(AB19*AC19))-(AA20*AB19))/(AC20) -> 1.6029389 | AC20: =AC19-AA20 -> 2340 | AD20: 4 | AI20: =((((((AD20+AE20)*30)/$E$50)+((AF20+AG20)/$E$51))+(AI19*AJ19))-(AH20*AI19))/(AJ20) -> 1.72572 | AJ20: =AJ19-AH20 -> 2340 | AK20: 2 | AP20: =((((((AK20+AL20)*30)/$E$50)+((AM20+AN20)/$E$51))+(AP19*AQ19))-(AO20*AP19))/(AQ20) -> 1.8396253 | AQ20: =AQ19-AO20 -> 2340 | AR20: 2 | AW20: =((((((AR20+AS20)*30)/$E$50)+((AT20+AU20)/$E$51))+(AW19*AX19))-(AV20*AW19))/(AX20) -> 1.9803222 | AX20: =AX19-AV20 -> 2340 | AY20: 1 | BC20: 9 | BD20: =((((((AY20+AZ20)*30)/$E$50)+((BA20+BB20)/$E$51))+(BD19*BE19))-(BC20*BD19))/(BE20) -> 2.1402672 | BE20: =BE19-BC20 -> 2233 | BF20: 5 | BK20: =((((((BF20+BG20)*30)/$E$50)+((BH20+BI20)/$E$51))+(BK19*BL19))-(BJ20*BK19))/(BL20) -> 2.3205718 | BL20: =BL19-BJ20 -> 2227 | BR20: =((((((BM20+BN20)*30)/$E$50)+((BO20+BP20)/$E$51))+(BR19*BS19))-(BQ20*BR19))/(BS20) -> 2.426613 | BS20: =BS19-BQ20 -> 2227 | BY20: =((((((BT20+BU20)*30)/$E$50)+((BV20+BW20)/$E$51))+(BY19*BZ19))-(BX20*BY19))/(BZ20) -> 2.426613 | BZ20: =BZ19-BX20 -> 2227 | CF20: =((((((CA20+CB20)*30)/$E$50)+((CC20+CD20)/$E$51))+(CF19*CG19))-(CE20*CF19))/(CG20) -> 2.426613 | CG20: =CG19-CE20 -> 2227 | CM20: =((((((CH20+CI20)*30)/$E$50)+((CJ20+CK20)/$E$51))+(CM19*CN19))-(CL20*CM19))/(CN20) -> 2.426613 | CN20: =CN19-CL20 -> 2227 | CT20: =((((((CO20+CP20)*30)/$E$50)+((CQ20+CR20)/$E$51))+(CT19*CU19))-(CS20*CT19))/(CU20) -> 2.426613 | CU20: =CU19-CS20 -> 2227 | DA20: =((((((CV20+CW20)*30)/$E$50)+((CX20+CY20)/$E$51))+(DA19*DB19))-(CZ20*DA19))/(DB20) -> 2.426613 | DB20: =DB19-CZ20 -> 2227 | DH20: =((((((DC20+DD20)*30)/$E$50)+((DE20+DF20)/$E$51))+(DH19*DI19))-(DG20*DH19))/(DI20) -> 2.426613 | DI20: =DI19-DG20 -> 2227 | DO20: =((((((DJ20+DK20)*30)/$E$50)+((DL20+DM20)/$E$51))+(DO19*DP19))-(DN20*DO19))/(DP20) -> 2.426613 | DP20: =DP19-DN20 -> 2227 | DV20: =((((((DQ20+DR20)*30)/$E$50)+((DS20+DT20)/$E$51))+(DV19*DW19))-(DU20*DV19))/(DW20) -> 2.426613 | DW20: =DW19-DU20 -> 2227 | EC20: =((((((DX20+DY20)*30)/$E$50)+((DZ20+EA20)/$E$51))+(EC19*ED19))-(EB20*EC19))/(ED20) -> 2.426613 | ED20: =ED19-EB20 -> 2227 | EJ20: =((((((EE20+EF20)*30)/$E$50)+((EG20+EH20)/$E$51))+(EJ19*EK19))-(EI20*EJ19))/(EK20) -> 2.426613 | EK20: =EK19-EI20 -> 2227 | EQ20: =((((((EL20+EM20)*30)/$E$50)+((EN20+EO20)/$E$51))+(EQ19*ER19))-(EP20*EQ19))/(ER20) -> 2.426613 | ER20: =ER19-EP20 -> 2227 | EX20: =((((((ES20+ET20)*30)/$E$50)+((EU20+EV20)/$E$51))+(EX19*EY19))-(EW20*EX19))/(EY20) -> 2.426613 | EY20: =EY19-EW20 -> 2227 | FE20: =((((((EZ20+FA20)*30)/$E$50)+((FB20+FC20)/$E$51))+(FE19*FF19))-(FD20*FE19))/(FF20) -> 2.426613 | FF20: =FF19-FD20 -> 2227 | FL20: =((((((FG20+FH20)*30)/$E$50)+((FI20+FJ20)/$E$51))+(FL19*FM19))-(FK20*FL19))/(FM20) -> 2.426613 | FM20: =FM19-FK20 -> 2227 | FS20: =((((((FN20+FO20)*30)/$E$50)+((FP20+FQ20)/$E$51))+(FS19*FT19))-(FR20*FS19))/(FT20) -> 2.426613 | FT20: =FT19-FR20 -> 2227 | FZ20: =((((((FU20+FV20)*30)/$E$50)+((FW20+FX20)/$E$51))+(FZ19*GA19))-(FY20*FZ19))/(GA20) -> 2.426613 | GA20: =GA19-FY20 -> 2227 | GG20: =((((((GB20+GC20)*30)/$E$50)+((GD20+GE20)/$E$51))+(GG19*GH19))-(GF20*GG19))/(GH20) -> 2.426613 | GH20: =GH19-GF20 -> 2227 | GN20: =((((((GI20+GJ20)*30)/$E$50)+((GK20+GL20)/$E$51))+(GN19*GO19))-(GM20*GN19))/(GO20) -> 2.426613 | GO20: =GO19-GM20 -> 2227 | GU20: =((((((GP20+GQ20)*30)/$E$50)+((GR20+GS20)/$E$51))+(GU19*GV19))-(GT20*GU19))/(GV20) -> 2.426613 | GV20: =GV19-GT20 -> 2227
A21: 18 | G21: =((((((B21+C21)*30)/$E$50)+((D21+E21)/$E$51))+(G20*H20))-(F21*G20))/(H21) -> 1.1 | H21: =H20-F21 -> 2400 | K21: 20 | N21: =((((((I21+J21)*30)/$E$50)+((K21+L21)/$E$51))+(N20*O20))-(M21*N20))/(O21) -> 1.1908745 | O21: =O20-M21 -> 2340 | P21: 3 | U21: =((((((P21+Q21)*30)/$E$50)+((R21+S21)/$E$51))+(U20*V20))-(T21*U20))/(V21) -> 1.4080014 | V21: =V20-T21 -> 2340 | W21: 2 | AB21: =((((((W21+X21)*30)/$E$50)+((Y21+Z21)/$E$51))+(AB20*AC20))-(AA21*AB20))/(AC21) -> 1.6068837 | AC21: =AC20-AA21 -> 2340 | AD21: 4 | AI21: =((((((AD21+AE21)*30)/$E$50)+((AF21+AG21)/$E$51))+(AI20*AJ20))-(AH21*AI20))/(AJ21) -> 1.7336095 | AJ21: =AJ20-AH21 -> 2340 | AK21: 2 | AP21: =((((((AK21+AL21)*30)/$E$50)+((AM21+AN21)/$E$51))+(AP20*AQ20))-(AO21*AP20))/(AQ21) -> 1.8435701 | AQ21: =AQ20-AO21 -> 2340 | AR21: 3 | AW21: =((((((AR21+AS21)*30)/$E$50)+((AT21+AU21)/$E$51))+(AW20*AX20))-(AV21*AW20))/(AX21) -> 1.9862394 | AX21: =AX20-AV21 -> 2340 | BC21: 6 | BD21: =((((((AY21+AZ21)*30)/$E$50)+((BA21+BB21)/$E$51))+(BD20*BE20))-(BC21*BD20))/(BE21) -> 2.1402672 | BE21: =BE20-BC21 -> 2227 | BF21: 5 | BK21: =((((((BF21+BG21)*30)/$E$50)+((BH21+BI21)/$E$51))+(BK20*BL20))-(BJ21*BK20))/(BL21) -> 2.3309341 | BL21: =BL20-BJ21 -> 2227 | BR21: =((((((BM21+BN21)*30)/$E$50)+((BO21+BP21)/$E$51))+(BR20*BS20))-(BQ21*BR20))/(BS21) -> 2.426613 | BS21: =BS20-BQ21 -> 2227 | BY21: =((((((BT21+BU21)*30)/$E$50)+((BV21+BW21)/$E$51))+(BY20*BZ20))-(BX21*BY20))/(BZ21) -> 2.426613 | BZ21: =BZ20-BX21 -> 2227 | CF21: =((((((CA21+CB21)*30)/$E$50)+((CC21+CD21)/$E$51))+(CF20*CG20))-(CE21*CF20))/(CG21) -> 2.426613 | CG21: =CG20-CE21 -> 2227 | CM21: =((((((CH21+CI21)*30)/$E$50)+((CJ21+CK21)/$E$51))+(CM20*CN20))-(CL21*CM20))/(CN21) -> 2.426613 | CN21: =CN20-CL21 -> 2227 | CT21: =((((((CO21+CP21)*30)/$E$50)+((CQ21+CR21)/$E$51))+(CT20*CU20))-(CS21*CT20))/(CU21) -> 2.426613 | CU21: =CU20-CS21 -> 2227 | DA21: =((((((CV21+CW21)*30)/$E$50)+((CX21+CY21)/$E$51))+(DA20*DB20))-(CZ21*DA20))/(DB21) -> 2.426613 | DB21: =DB20-CZ21 -> 2227 | DH21: =((((((DC21+DD21)*30)/$E$50)+((DE21+DF21)/$E$51))+(DH20*DI20))-(DG21*DH20))/(DI21) -> 2.426613 | DI21: =DI20-DG21 -> 2227 | DO21: =((((((DJ21+DK21)*30)/$E$50)+((DL21+DM21)/$E$51))+(DO20*DP20))-(DN21*DO20))/(DP21) -> 2.426613 | DP21: =DP20-DN21 -> 2227 | DV21: =((((((DQ21+DR21)*30)/$E$50)+((DS21+DT21)/$E$51))+(DV20*DW20))-(DU21*DV20))/(DW21) -> 2.426613 | DW21: =DW20-DU21 -> 2227 | EC21: =((((((DX21+DY21)*30)/$E$50)+((DZ21+EA21)/$E$51))+(EC20*ED20))-(EB21*EC20))/(ED21) -> 2.426613 | ED21: =ED20-EB21 -> 2227 | EJ21: =((((((EE21+EF21)*30)/$E$50)+((EG21+EH21)/$E$51))+(EJ20*EK20))-(EI21*EJ20))/(EK21) -> 2.426613 | EK21: =EK20-EI21 -> 2227 | EQ21: =((((((EL21+EM21)*30)/$E$50)+((EN21+EO21)/$E$51))+(EQ20*ER20))-(EP21*EQ20))/(ER21) -> 2.426613 | ER21: =ER20-EP21 -> 2227 | EX21: =((((((ES21+ET21)*30)/$E$50)+((EU21+EV21)/$E$51))+(EX20*EY20))-(EW21*EX20))/(EY21) -> 2.426613 | EY21: =EY20-EW21 -> 2227 | FE21: =((((((EZ21+FA21)*30)/$E$50)+((FB21+FC21)/$E$51))+(FE20*FF20))-(FD21*FE20))/(FF21) -> 2.426613 | FF21: =FF20-FD21 -> 2227 | FL21: =((((((FG21+FH21)*30)/$E$50)+((FI21+FJ21)/$E$51))+(FL20*FM20))-(FK21*FL20))/(FM21) -> 2.426613 | FM21: =FM20-FK21 -> 2227 | FS21: =((((((FN21+FO21)*30)/$E$50)+((FP21+FQ21)/$E$51))+(FS20*FT20))-(FR21*FS20))/(FT21) -> 2.426613 | FT21: =FT20-FR21 -> 2227 | FZ21: =((((((FU21+FV21)*30)/$E$50)+((FW21+FX21)/$E$51))+(FZ20*GA20))-(FY21*FZ20))/(GA21) -> 2.426613 | GA21: =GA20-FY21 -> 2227 | GG21: =((((((GB21+GC21)*30)/$E$50)+((GD21+GE21)/$E$51))+(GG20*GH20))-(GF21*GG20))/(GH21) -> 2.426613 | GH21: =GH20-GF21 -> 2227 | GN21: =((((((GI21+GJ21)*30)/$E$50)+((GK21+GL21)/$E$51))+(GN20*GO20))-(GM21*GN20))/(GO21) -> 2.426613 | GO21: =GO20-GM21 -> 2227 | GU21: =((((((GP21+GQ21)*30)/$E$50)+((GR21+GS21)/$E$51))+(GU20*GV20))-(GT21*GU20))/(GV21) -> 2.426613 | GV21: =GV20-GT21 -> 2227
A22: 19 | G22: =((((((B22+C22)*30)/$E$50)+((D22+E22)/$E$51))+(G21*H21))-(F22*G21))/(H22) -> 1.1 | H22: =H21-F22 -> 2400 | K22: 30 | N22: =((((((I22+J22)*30)/$E$50)+((K22+L22)/$E$51))+(N21*O21))-(M22*N21))/(O22) -> 1.1972847 | O22: =O21-M22 -> 2340 | P22: 2 | U22: =((((((P22+Q22)*30)/$E$50)+((R22+S22)/$E$51))+(U21*V21))-(T22*U21))/(V22) -> 1.4119461 | V22: =V21-T22 -> 2340 | AB22: =((((((W22+X22)*30)/$E$50)+((Y22+Z22)/$E$51))+(AB21*AC21))-(AA22*AB21))/(AC22) -> 1.6068837 | AC22: =AC21-AA22 -> 2340 | AD22: 3 | AI22: =((((((AD22+AE22)*30)/$E$50)+((AF22+AG22)/$E$51))+(AI21*AJ21))-(AH22*AI21))/(AJ22) -> 1.7395267 | AJ22: =AJ21-AH22 -> 2340 | AM22: 20 | AP22: =((((((AK22+AL22)*30)/$E$50)+((AM22+AN22)/$E$51))+(AP21*AQ21))-(AO22*AP21))/(AQ22) -> 1.8478436 | AQ22: =AQ21-AO22 -> 2340 | AR22: 1 | AW22: =((((((AR22+AS22)*30)/$E$50)+((AT22+AU22)/$E$51))+(AW21*AX21))-(AV22*AW21))/(AX22) -> 1.9882118 | AX22: =AX21-AV22 -> 2340 | AY22: 3 | BD22: =((((((AY22+AZ22)*30)/$E$50)+((BA22+BB22)/$E$51))+(BD21*BE21))-(BC22*BD21))/(BE22) -> 2.1464846 | BE22: =BE21-BC22 -> 2227 | BF22: 5 | BK22: =((((((BF22+BG22)*30)/$E$50)+((BH22+BI22)/$E$51))+(BK21*BL21))-(BJ22*BK21))/(BL22) -> 2.3412965 | BL22: =BL21-BJ22 -> 2227 | BR22: =((((((BM22+BN22)*30)/$E$50)+((BO22+BP22)/$E$51))+(BR21*BS21))-(BQ22*BR21))/(BS22) -> 2.426613 | BS22: =BS21-BQ22 -> 2227 | BY22: =((((((BT22+BU22)*30)/$E$50)+((BV22+BW22)/$E$51))+(BY21*BZ21))-(BX22*BY21))/(BZ22) -> 2.426613 | BZ22: =BZ21-BX22 -> 2227 | CF22: =((((((CA22+CB22)*30)/$E$50)+((CC22+CD22)/$E$51))+(CF21*CG21))-(CE22*CF21))/(CG22) -> 2.426613 | CG22: =CG21-CE22 -> 2227 | CM22: =((((((CH22+CI22)*30)/$E$50)+((CJ22+CK22)/$E$51))+(CM21*CN21))-(CL22*CM21))/(CN22) -> 2.426613 | CN22: =CN21-CL22 -> 2227 | CT22: =((((((CO22+CP22)*30)/$E$50)+((CQ22+CR22)/$E$51))+(CT21*CU21))-(CS22*CT21))/(CU22) -> 2.426613 | CU22: =CU21-CS22 -> 2227 | DA22: =((((((CV22+CW22)*30)/$E$50)+((CX22+CY22)/$E$51))+(DA21*DB21))-(CZ22*DA21))/(DB22) -> 2.426613 | DB22: =DB21-CZ22 -> 2227 | DH22: =((((((DC22+DD22)*30)/$E$50)+((DE22+DF22)/$E$51))+(DH21*DI21))-(DG22*DH21))/(DI22) -> 2.426613 | DI22: =DI21-DG22 -> 2227 | DO22: =((((((DJ22+DK22)*30)/$E$50)+((DL22+DM22)/$E$51))+(DO21*DP21))-(DN22*DO21))/(DP22) -> 2.426613 | DP22: =DP21-DN22 -> 2227 | DV22: =((((((DQ22+DR22)*30)/$E$50)+((DS22+DT22)/$E$51))+(DV21*DW21))-(DU22*DV21))/(DW22) -> 2.426613 | DW22: =DW21-DU22 -> 2227 | EC22: =((((((DX22+DY22)*30)/$E$50)+((DZ22+EA22)/$E$51))+(EC21*ED21))-(EB22*EC21))/(ED22) -> 2.426613 | ED22: =ED21-EB22 -> 2227 | EJ22: =((((((EE22+EF22)*30)/$E$50)+((EG22+EH22)/$E$51))+(EJ21*EK21))-(EI22*EJ21))/(EK22) -> 2.426613 | EK22: =EK21-EI22 -> 2227 | EQ22: =((((((EL22+EM22)*30)/$E$50)+((EN22+EO22)/$E$51))+(EQ21*ER21))-(EP22*EQ21))/(ER22) -> 2.426613 | ER22: =ER21-EP22 -> 2227 | EX22: =((((((ES22+ET22)*30)/$E$50)+((EU22+EV22)/$E$51))+(EX21*EY21))-(EW22*EX21))/(EY22) -> 2.426613 | EY22: =EY21-EW22 -> 2227 | FE22: =((((((EZ22+FA22)*30)/$E$50)+((FB22+FC22)/$E$51))+(FE21*FF21))-(FD22*FE21))/(FF22) -> 2.426613 | FF22: =FF21-FD22 -> 2227 | FL22: =((((((FG22+FH22)*30)/$E$50)+((FI22+FJ22)/$E$51))+(FL21*FM21))-(FK22*FL21))/(FM22) -> 2.426613 | FM22: =FM21-FK22 -> 2227 | FS22: =((((((FN22+FO22)*30)/$E$50)+((FP22+FQ22)/$E$51))+(FS21*FT21))-(FR22*FS21))/(FT22) -> 2.426613 | FT22: =FT21-FR22 -> 2227 | FZ22: =((((((FU22+FV22)*30)/$E$50)+((FW22+FX22)/$E$51))+(FZ21*GA21))-(FY22*FZ21))/(GA22) -> 2.426613 | GA22: =GA21-FY22 -> 2227 | GG22: =((((((GB22+GC22)*30)/$E$50)+((GD22+GE22)/$E$51))+(GG21*GH21))-(GF22*GG21))/(GH22) -> 2.426613 | GH22: =GH21-GF22 -> 2227 | GN22: =((((((GI22+GJ22)*30)/$E$50)+((GK22+GL22)/$E$51))+(GN21*GO21))-(GM22*GN21))/(GO22) -> 2.426613 | GO22: =GO21-GM22 -> 2227 | GU22: =((((((GP22+GQ22)*30)/$E$50)+((GR22+GS22)/$E$51))+(GU21*GV21))-(GT22*GU21))/(GV22) -> 2.426613 | GV22: =GV21-GT22 -> 2227
A23: 20 | G23: =((((((B23+C23)*30)/$E$50)+((D23+E23)/$E$51))+(G22*H22))-(F23*G22))/(H23) -> 1.1 | H23: =H22-F23 -> 2400 | I23: 1 | N23: =((((((I23+J23)*30)/$E$50)+((K23+L23)/$E$51))+(N22*O22))-(M23*N22))/(O23) -> 1.1992571 | O23: =O22-M23 -> 2340 | P23: 2 | R23: 20 | U23: =((((((P23+Q23)*30)/$E$50)+((R23+S23)/$E$51))+(U22*V22))-(T23*U22))/(V23) -> 1.4201644 | V23: =V22-T23 -> 2340 | Y23: 10 | AB23: =((((((W23+X23)*30)/$E$50)+((Y23+Z23)/$E$51))+(AB22*AC22))-(AA23*AB22))/(AC23) -> 1.6090204 | AC23: =AC22-AA23 -> 2340 | AD23: 3 | AI23: =((((((AD23+AE23)*30)/$E$50)+((AF23+AG23)/$E$51))+(AI22*AJ22))-(AH23*AI22))/(AJ23) -> 1.7454438 | AJ23: =AJ22-AH23 -> 2340 | AM23: 20 | AP23: =((((((AK23+AL23)*30)/$E$50)+((AM23+AN23)/$E$51))+(AP22*AQ22))-(AO23*AP22))/(AQ23) -> 1.8521171 | AQ23: =AQ22-AO23 -> 2340 | AW23: =((((((AR23+AS23)*30)/$E$50)+((AT23+AU23)/$E$51))+(AW22*AX22))-(AV23*AW22))/(AX23) -> 1.9882118 | AX23: =AX22-AV23 -> 2340 | AY23: 3 | BD23: =((((((AY23+AZ23)*30)/$E$50)+((BA23+BB23)/$E$51))+(BD22*BE22))-(BC23*BD22))/(BE23) -> 2.152702 | BE23: =BE22-BC23 -> 2227 | BF23: 3 | BK23: =((((((BF23+BG23)*30)/$E$50)+((BH23+BI23)/$E$51))+(BK22*BL22))-(BJ23*BK22))/(BL23) -> 2.3475139 | BL23: =BL22-BJ23 -> 2227 | BR23: =((((((BM23+BN23)*30)/$E$50)+((BO23+BP23)/$E$51))+(BR22*BS22))-(BQ23*BR22))/(BS23) -> 2.426613 | BS23: =BS22-BQ23 -> 2227 | BY23: =((((((BT23+BU23)*30)/$E$50)+((BV23+BW23)/$E$51))+(BY22*BZ22))-(BX23*BY22))/(BZ23) -> 2.426613 | BZ23: =BZ22-BX23 -> 2227 | CF23: =((((((CA23+CB23)*30)/$E$50)+((CC23+CD23)/$E$51))+(CF22*CG22))-(CE23*CF22))/(CG23) -> 2.426613 | CG23: =CG22-CE23 -> 2227 | CM23: =((((((CH23+CI23)*30)/$E$50)+((CJ23+CK23)/$E$51))+(CM22*CN22))-(CL23*CM22))/(CN23) -> 2.426613 | CN23: =CN22-CL23 -> 2227 | CT23: =((((((CO23+CP23)*30)/$E$50)+((CQ23+CR23)/$E$51))+(CT22*CU22))-(CS23*CT22))/(CU23) -> 2.426613 | CU23: =CU22-CS23 -> 2227 | DA23: =((((((CV23+CW23)*30)/$E$50)+((CX23+CY23)/$E$51))+(DA22*DB22))-(CZ23*DA22))/(DB23) -> 2.426613 | DB23: =DB22-CZ23 -> 2227 | DH23: =((((((DC23+DD23)*30)/$E$50)+((DE23+DF23)/$E$51))+(DH22*DI22))-(DG23*DH22))/(DI23) -> 2.426613 | DI23: =DI22-DG23 -> 2227 | DO23: =((((((DJ23+DK23)*30)/$E$50)+((DL23+DM23)/$E$51))+(DO22*DP22))-(DN23*DO22))/(DP23) -> 2.426613 | DP23: =DP22-DN23 -> 2227 | DV23: =((((((DQ23+DR23)*30)/$E$50)+((DS23+DT23)/$E$51))+(DV22*DW22))-(DU23*DV22))/(DW23) -> 2.426613 | DW23: =DW22-DU23 -> 2227 | EC23: =((((((DX23+DY23)*30)/$E$50)+((DZ23+EA23)/$E$51))+(EC22*ED22))-(EB23*EC22))/(ED23) -> 2.426613 | ED23: =ED22-EB23 -> 2227 | EJ23: =((((((EE23+EF23)*30)/$E$50)+((EG23+EH23)/$E$51))+(EJ22*EK22))-(EI23*EJ22))/(EK23) -> 2.426613 | EK23: =EK22-EI23 -> 2227 | EQ23: =((((((EL23+EM23)*30)/$E$50)+((EN23+EO23)/$E$51))+(EQ22*ER22))-(EP23*EQ22))/(ER23) -> 2.426613 | ER23: =ER22-EP23 -> 2227 | EX23: =((((((ES23+ET23)*30)/$E$50)+((EU23+EV23)/$E$51))+(EX22*EY22))-(EW23*EX22))/(EY23) -> 2.426613 | EY23: =EY22-EW23 -> 2227 | FE23: =((((((EZ23+FA23)*30)/$E$50)+((FB23+FC23)/$E$51))+(FE22*FF22))-(FD23*FE22))/(FF23) -> 2.426613 | FF23: =FF22-FD23 -> 2227 | FL23: =((((((FG23+FH23)*30)/$E$50)+((FI23+FJ23)/$E$51))+(FL22*FM22))-(FK23*FL22))/(FM23) -> 2.426613 | FM23: =FM22-FK23 -> 2227 | FS23: =((((((FN23+FO23)*30)/$E$50)+((FP23+FQ23)/$E$51))+(FS22*FT22))-(FR23*FS22))/(FT23) -> 2.426613 | FT23: =FT22-FR23 -> 2227 | FZ23: =((((((FU23+FV23)*30)/$E$50)+((FW23+FX23)/$E$51))+(FZ22*GA22))-(FY23*FZ22))/(GA23) -> 2.426613 | GA23: =GA22-FY23 -> 2227 | GG23: =((((((GB23+GC23)*30)/$E$50)+((GD23+GE23)/$E$51))+(GG22*GH22))-(GF23*GG22))/(GH23) -> 2.426613 | GH23: =GH22-GF23 -> 2227 | GN23: =((((((GI23+GJ23)*30)/$E$50)+((GK23+GL23)/$E$51))+(GN22*GO22))-(GM23*GN22))/(GO23) -> 2.426613 | GO23: =GO22-GM23 -> 2227 | GU23: =((((((GP23+GQ23)*30)/$E$50)+((GR23+GS23)/$E$51))+(GU22*GV22))-(GT23*GU22))/(GV23) -> 2.426613 | GV23: =GV22-GT23 -> 2227
A24: 21 | G24: =((((((B24+C24)*30)/$E$50)+((D24+E24)/$E$51))+(G23*H23))-(F24*G23))/(H24) -> 1.1 | H24: =H23-F24 -> 2400 | I24: 1 | K24: 20 | N24: =((((((I24+J24)*30)/$E$50)+((K24+L24)/$E$51))+(N23*O23))-(M24*N23))/(O24) -> 1.205503 | O24: =O23-M24 -> 2340 | P24: 3 | R24: 20 | U24: =((((((P24+Q24)*30)/$E$50)+((R24+S24)/$E$51))+(U23*V23))-(T24*U23))/(V24) -> 1.4303551 | V24: =V23-T24 -> 2340 | W24: 1 | Y24: 20 | AB24: =((((((W24+X24)*30)/$E$50)+((Y24+Z24)/$E$51))+(AB23*AC23))-(AA24*AB23))/(AC24) -> 1.6152663 | AC24: =AC23-AA24 -> 2340 | AD24: 2 | AI24: =((((((AD24+AE24)*30)/$E$50)+((AF24+AG24)/$E$51))+(AI23*AJ23))-(AH24*AI23))/(AJ24) -> 1.7493886 | AJ24: =AJ23-AH24 -> 2340 | AM24: 20 | AP24: =((((((AK24+AL24)*30)/$E$50)+((AM24+AN24)/$E$51))+(AP23*AQ23))-(AO24*AP23))/(AQ24) -> 1.8563906 | AQ24: =AQ23-AO24 -> 2340 | AR24: 3 | AW24: =((((((AR24+AS24)*30)/$E$50)+((AT24+AU24)/$E$51))+(AW23*AX23))-(AV24*AW23))/(AX24) -> 1.9941289 | AX24: =AX23-AV24 -> 2340 | AY24: 3 | BD24: =((((((AY24+AZ24)*30)/$E$50)+((BA24+BB24)/$E$51))+(BD23*BE23))-(BC24*BD23))/(BE24) -> 2.1589194 | BE24: =BE23-BC24 -> 2227 | BH24: 20 | BK24: =((((((BF24+BG24)*30)/$E$50)+((BH24+BI24)/$E$51))+(BK23*BL23))-(BJ24*BK23))/(BL24) -> 2.3520042 | BL24: =BL23-BJ24 -> 2227 | BR24: =((((((BM24+BN24)*30)/$E$50)+((BO24+BP24)/$E$51))+(BR23*BS23))-(BQ24*BR23))/(BS24) -> 2.426613 | BS24: =BS23-BQ24 -> 2227 | BY24: =((((((BT24+BU24)*30)/$E$50)+((BV24+BW24)/$E$51))+(BY23*BZ23))-(BX24*BY23))/(BZ24) -> 2.426613 | BZ24: =BZ23-BX24 -> 2227 | CF24: =((((((CA24+CB24)*30)/$E$50)+((CC24+CD24)/$E$51))+(CF23*CG23))-(CE24*CF23))/(CG24) -> 2.426613 | CG24: =CG23-CE24 -> 2227 | CM24: =((((((CH24+CI24)*30)/$E$50)+((CJ24+CK24)/$E$51))+(CM23*CN23))-(CL24*CM23))/(CN24) -> 2.426613 | CN24: =CN23-CL24 -> 2227 | CT24: =((((((CO24+CP24)*30)/$E$50)+((CQ24+CR24)/$E$51))+(CT23*CU23))-(CS24*CT23))/(CU24) -> 2.426613 | CU24: =CU23-CS24 -> 2227 | DA24: =((((((CV24+CW24)*30)/$E$50)+((CX24+CY24)/$E$51))+(DA23*DB23))-(CZ24*DA23))/(DB24) -> 2.426613 | DB24: =DB23-CZ24 -> 2227 | DH24: =((((((DC24+DD24)*30)/$E$50)+((DE24+DF24)/$E$51))+(DH23*DI23))-(DG24*DH23))/(DI24) -> 2.426613 | DI24: =DI23-DG24 -> 2227 | DO24: =((((((DJ24+DK24)*30)/$E$50)+((DL24+DM24)/$E$51))+(DO23*DP23))-(DN24*DO23))/(DP24) -> 2.426613 | DP24: =DP23-DN24 -> 2227 | DV24: =((((((DQ24+DR24)*30)/$E$50)+((DS24+DT24)/$E$51))+(DV23*DW23))-(DU24*DV23))/(DW24) -> 2.426613 | DW24: =DW23-DU24 -> 2227 | EC24: =((((((DX24+DY24)*30)/$E$50)+((DZ24+EA24)/$E$51))+(EC23*ED23))-(EB24*EC23))/(ED24) -> 2.426613 | ED24: =ED23-EB24 -> 2227 | EJ24: =((((((EE24+EF24)*30)/$E$50)+((EG24+EH24)/$E$51))+(EJ23*EK23))-(EI24*EJ23))/(EK24) -> 2.426613 | EK24: =EK23-EI24 -> 2227 | EQ24: =((((((EL24+EM24)*30)/$E$50)+((EN24+EO24)/$E$51))+(EQ23*ER23))-(EP24*EQ23))/(ER24) -> 2.426613 | ER24: =ER23-EP24 -> 2227 | EX24: =((((((ES24+ET24)*30)/$E$50)+((EU24+EV24)/$E$51))+(EX23*EY23))-(EW24*EX23))/(EY24) -> 2.426613 | EY24: =EY23-EW24 -> 2227 | FE24: =((((((EZ24+FA24)*30)/$E$50)+((FB24+FC24)/$E$51))+(FE23*FF23))-(FD24*FE23))/(FF24) -> 2.426613 | FF24: =FF23-FD24 -> 2227 | FL24: =((((((FG24+FH24)*30)/$E$50)+((FI24+FJ24)/$E$51))+(FL23*FM23))-(FK24*FL23))/(FM24) -> 2.426613 | FM24: =FM23-FK24 -> 2227 | FS24: =((((((FN24+FO24)*30)/$E$50)+((FP24+FQ24)/$E$51))+(FS23*FT23))-(FR24*FS23))/(FT24) -> 2.426613 | FT24: =FT23-FR24 -> 2227 | FZ24: =((((((FU24+FV24)*30)/$E$50)+((FW24+FX24)/$E$51))+(FZ23*GA23))-(FY24*FZ23))/(GA24) -> 2.426613 | GA24: =GA23-FY24 -> 2227 | GG24: =((((((GB24+GC24)*30)/$E$50)+((GD24+GE24)/$E$51))+(GG23*GH23))-(GF24*GG23))/(GH24) -> 2.426613 | GH24: =GH23-GF24 -> 2227 | GN24: =((((((GI24+GJ24)*30)/$E$50)+((GK24+GL24)/$E$51))+(GN23*GO23))-(GM24*GN23))/(GO24) -> 2.426613 | GO24: =GO23-GM24 -> 2227 | GU24: =((((((GP24+GQ24)*30)/$E$50)+((GR24+GS24)/$E$51))+(GU23*GV23))-(GT24*GU23))/(GV24) -> 2.426613 | GV24: =GV23-GT24 -> 2227
A25: 22 | G25: =((((((B25+C25)*30)/$E$50)+((D25+E25)/$E$51))+(G24*H24))-(F25*G24))/(H25) -> 1.1 | H25: =H24-F25 -> 2400 | I25: 1 | K25: 20 | N25: =((((((I25+J25)*30)/$E$50)+((K25+L25)/$E$51))+(N24*O24))-(M25*N24))/(O25) -> 1.2117489 | O25: =O24-M25 -> 2340 | P25: 1 | R25: 20 | U25: =((((((P25+Q25)*30)/$E$50)+((R25+S25)/$E$51))+(U24*V24))-(T25*U24))/(V25) -> 1.436601 | V25: =V24-T25 -> 2340 | W25: 3 | AB25: =((((((W25+X25)*30)/$E$50)+((Y25+Z25)/$E$51))+(AB24*AC24))-(AA25*AB24))/(AC25) -> 1.6211835 | AC25: =AC24-AA25 -> 2340 | AI25: =((((((AD25+AE25)*30)/$E$50)+((AF25+AG25)/$E$51))+(AI24*AJ24))-(AH25*AI24))/(AJ25) -> 1.7493886 | AJ25: =AJ24-AH25 -> 2340 | AM25: 20 | AP25: =((((((AK25+AL25)*30)/$E$50)+((AM25+AN25)/$E$51))+(AP24*AQ24))-(AO25*AP24))/(AQ25) -> 1.8606641 | AQ25: =AQ24-AO25 -> 2340 | AR25: 4 | AW25: =((((((AR25+AS25)*30)/$E$50)+((AT25+AU25)/$E$51))+(AW24*AX24))-(AV25*AW24))/(AX25) -> 2.0020185 | AX25: =AX24-AV25 -> 2340 | AY25: 3 | BD25: =((((((AY25+AZ25)*30)/$E$50)+((BA25+BB25)/$E$51))+(BD24*BE24))-(BC25*BD24))/(BE25) -> 2.1651368 | BE25: =BE24-BC25 -> 2227 | BF25: 4 | BK25: =((((((BF25+BG25)*30)/$E$50)+((BH25+BI25)/$E$51))+(BK24*BL24))-(BJ25*BK24))/(BL25) -> 2.3602941 | BL25: =BL24-BJ25 -> 2227 | BR25: =((((((BM25+BN25)*30)/$E$50)+((BO25+BP25)/$E$51))+(BR24*BS24))-(BQ25*BR24))/(BS25) -> 2.426613 | BS25: =BS24-BQ25 -> 2227 | BY25: =((((((BT25+BU25)*30)/$E$50)+((BV25+BW25)/$E$51))+(BY24*BZ24))-(BX25*BY24))/(BZ25) -> 2.426613 | BZ25: =BZ24-BX25 -> 2227 | CF25: =((((((CA25+CB25)*30)/$E$50)+((CC25+CD25)/$E$51))+(CF24*CG24))-(CE25*CF24))/(CG25) -> 2.426613 | CG25: =CG24-CE25 -> 2227 | CM25: =((((((CH25+CI25)*30)/$E$50)+((CJ25+CK25)/$E$51))+(CM24*CN24))-(CL25*CM24))/(CN25) -> 2.426613 | CN25: =CN24-CL25 -> 2227 | CT25: =((((((CO25+CP25)*30)/$E$50)+((CQ25+CR25)/$E$51))+(CT24*CU24))-(CS25*CT24))/(CU25) -> 2.426613 | CU25: =CU24-CS25 -> 2227 | DA25: =((((((CV25+CW25)*30)/$E$50)+((CX25+CY25)/$E$51))+(DA24*DB24))-(CZ25*DA24))/(DB25) -> 2.426613 | DB25: =DB24-CZ25 -> 2227 | DH25: =((((((DC25+DD25)*30)/$E$50)+((DE25+DF25)/$E$51))+(DH24*DI24))-(DG25*DH24))/(DI25) -> 2.426613 | DI25: =DI24-DG25 -> 2227 | DO25: =((((((DJ25+DK25)*30)/$E$50)+((DL25+DM25)/$E$51))+(DO24*DP24))-(DN25*DO24))/(DP25) -> 2.426613 | DP25: =DP24-DN25 -> 2227 | DV25: =((((((DQ25+DR25)*30)/$E$50)+((DS25+DT25)/$E$51))+(DV24*DW24))-(DU25*DV24))/(DW25) -> 2.426613 | DW25: =DW24-DU25 -> 2227 | EC25: =((((((DX25+DY25)*30)/$E$50)+((DZ25+EA25)/$E$51))+(EC24*ED24))-(EB25*EC24))/(ED25) -> 2.426613 | ED25: =ED24-EB25 -> 2227 | EJ25: =((((((EE25+EF25)*30)/$E$50)+((EG25+EH25)/$E$51))+(EJ24*EK24))-(EI25*EJ24))/(EK25) -> 2.426613 | EK25: =EK24-EI25 -> 2227 | EQ25: =((((((EL25+EM25)*30)/$E$50)+((EN25+EO25)/$E$51))+(EQ24*ER24))-(EP25*EQ24))/(ER25) -> 2.426613 | ER25: =ER24-EP25 -> 2227 | EX25: =((((((ES25+ET25)*30)/$E$50)+((EU25+EV25)/$E$51))+(EX24*EY24))-(EW25*EX24))/(EY25) -> 2.426613 | EY25: =EY24-EW25 -> 2227 | FE25: =((((((EZ25+FA25)*30)/$E$50)+((FB25+FC25)/$E$51))+(FE24*FF24))-(FD25*FE24))/(FF25) -> 2.426613 | FF25: =FF24-FD25 -> 2227 | FL25: =((((((FG25+FH25)*30)/$E$50)+((FI25+FJ25)/$E$51))+(FL24*FM24))-(FK25*FL24))/(FM25) -> 2.426613 | FM25: =FM24-FK25 -> 2227 | FS25: =((((((FN25+FO25)*30)/$E$50)+((FP25+FQ25)/$E$51))+(FS24*FT24))-(FR25*FS24))/(FT25) -> 2.426613 | FT25: =FT24-FR25 -> 2227 | FZ25: =((((((FU25+FV25)*30)/$E$50)+((FW25+FX25)/$E$51))+(FZ24*GA24))-(FY25*FZ24))/(GA25) -> 2.426613 | GA25: =GA24-FY25 -> 2227 | GG25: =((((((GB25+GC25)*30)/$E$50)+((GD25+GE25)/$E$51))+(GG24*GH24))-(GF25*GG24))/(GH25) -> 2.426613 | GH25: =GH24-GF25 -> 2227 | GN25: =((((((GI25+GJ25)*30)/$E$50)+((GK25+GL25)/$E$51))+(GN24*GO24))-(GM25*GN24))/(GO25) -> 2.426613 | GO25: =GO24-GM25 -> 2227 | GU25: =((((((GP25+GQ25)*30)/$E$50)+((GR25+GS25)/$E$51))+(GU24*GV24))-(GT25*GU24))/(GV25) -> 2.426613 | GV25: =GV24-GT25 -> 2227
A26: 23 | G26: =((((((B26+C26)*30)/$E$50)+((D26+E26)/$E$51))+(G25*H25))-(F26*G25))/(H26) -> 1.1 | H26: =H25-F26 -> 2400 | I26: 2 | K26: 20 | N26: =((((((I26+J26)*30)/$E$50)+((K26+L26)/$E$51))+(N25*O25))-(M26*N25))/(O26) -> 1.2199672 | O26: =O25-M26 -> 2340 | P26: 2 | R26: 20 | U26: =((((((P26+Q26)*30)/$E$50)+((R26+S26)/$E$51))+(U25*V25))-(T26*U25))/(V26) -> 1.4448193 | V26: =V25-T26 -> 2340 | W26: 2 | AB26: =((((((W26+X26)*30)/$E$50)+((Y26+Z26)/$E$51))+(AB25*AC25))-(AA26*AB25))/(AC26) -> 1.6251283 | AC26: =AC25-AA26 -> 2340 | AI26: =((((((AD26+AE26)*30)/$E$50)+((AF26+AG26)/$E$51))+(AI25*AJ25))-(AH26*AI25))/(AJ26) -> 1.7493886 | AJ26: =AJ25-AH26 -> 2340 | AM26: 20 | AP26: =((((((AK26+AL26)*30)/$E$50)+((AM26+AN26)/$E$51))+(AP25*AQ25))-(AO26*AP25))/(AQ26) -> 1.8649376 | AQ26: =AQ25-AO26 -> 2340 | AR26: 3 | AW26: =((((((AR26+AS26)*30)/$E$50)+((AT26+AU26)/$E$51))+(AW25*AX25))-(AV26*AW25))/(AX26) -> 2.0079356 | AX26: =AX25-AV26 -> 2340 | AY26: 3 | BD26: =((((((AY26+AZ26)*30)/$E$50)+((BA26+BB26)/$E$51))+(BD25*BE25))-(BC26*BD25))/(BE26) -> 2.1713542 | BE26: =BE25-BC26 -> 2227 | BF26: 3 | BK26: =((((((BF26+BG26)*30)/$E$50)+((BH26+BI26)/$E$51))+(BK25*BL25))-(BJ26*BK25))/(BL26) -> 2.3665115 | BL26: =BL25-BJ26 -> 2227 | BR26: =((((((BM26+BN26)*30)/$E$50)+((BO26+BP26)/$E$51))+(BR25*BS25))-(BQ26*BR25))/(BS26) -> 2.426613 | BS26: =BS25-BQ26 -> 2227 | BY26: =((((((BT26+BU26)*30)/$E$50)+((BV26+BW26)/$E$51))+(BY25*BZ25))-(BX26*BY25))/(BZ26) -> 2.426613 | BZ26: =BZ25-BX26 -> 2227 | CF26: =((((((CA26+CB26)*30)/$E$50)+((CC26+CD26)/$E$51))+(CF25*CG25))-(CE26*CF25))/(CG26) -> 2.426613 | CG26: =CG25-CE26 -> 2227 | CM26: =((((((CH26+CI26)*30)/$E$50)+((CJ26+CK26)/$E$51))+(CM25*CN25))-(CL26*CM25))/(CN26) -> 2.426613 | CN26: =CN25-CL26 -> 2227 | CT26: =((((((CO26+CP26)*30)/$E$50)+((CQ26+CR26)/$E$51))+(CT25*CU25))-(CS26*CT25))/(CU26) -> 2.426613 | CU26: =CU25-CS26 -> 2227 | DA26: =((((((CV26+CW26)*30)/$E$50)+((CX26+CY26)/$E$51))+(DA25*DB25))-(CZ26*DA25))/(DB26) -> 2.426613 | DB26: =DB25-CZ26 -> 2227 | DH26: =((((((DC26+DD26)*30)/$E$50)+((DE26+DF26)/$E$51))+(DH25*DI25))-(DG26*DH25))/(DI26) -> 2.426613 | DI26: =DI25-DG26 -> 2227 | DO26: =((((((DJ26+DK26)*30)/$E$50)+((DL26+DM26)/$E$51))+(DO25*DP25))-(DN26*DO25))/(DP26) -> 2.426613 | DP26: =DP25-DN26 -> 2227 | DV26: =((((((DQ26+DR26)*30)/$E$50)+((DS26+DT26)/$E$51))+(DV25*DW25))-(DU26*DV25))/(DW26) -> 2.426613 | DW26: =DW25-DU26 -> 2227 | EC26: =((((((DX26+DY26)*30)/$E$50)+((DZ26+EA26)/$E$51))+(EC25*ED25))-(EB26*EC25))/(ED26) -> 2.426613 | ED26: =ED25-EB26 -> 2227 | EJ26: =((((((EE26+EF26)*30)/$E$50)+((EG26+EH26)/$E$51))+(EJ25*EK25))-(EI26*EJ25))/(EK26) -> 2.426613 | EK26: =EK25-EI26 -> 2227 | EQ26: =((((((EL26+EM26)*30)/$E$50)+((EN26+EO26)/$E$51))+(EQ25*ER25))-(EP26*EQ25))/(ER26) -> 2.426613 | ER26: =ER25-EP26 -> 2227 | EX26: =((((((ES26+ET26)*30)/$E$50)+((EU26+EV26)/$E$51))+(EX25*EY25))-(EW26*EX25))/(EY26) -> 2.426613 | EY26: =EY25-EW26 -> 2227 | FE26: =((((((EZ26+FA26)*30)/$E$50)+((FB26+FC26)/$E$51))+(FE25*FF25))-(FD26*FE25))/(FF26) -> 2.426613 | FF26: =FF25-FD26 -> 2227 | FL26: =((((((FG26+FH26)*30)/$E$50)+((FI26+FJ26)/$E$51))+(FL25*FM25))-(FK26*FL25))/(FM26) -> 2.426613 | FM26: =FM25-FK26 -> 2227 | FS26: =((((((FN26+FO26)*30)/$E$50)+((FP26+FQ26)/$E$51))+(FS25*FT25))-(FR26*FS25))/(FT26) -> 2.426613 | FT26: =FT25-FR26 -> 2227 | FZ26: =((((((FU26+FV26)*30)/$E$50)+((FW26+FX26)/$E$51))+(FZ25*GA25))-(FY26*FZ25))/(GA26) -> 2.426613 | GA26: =GA25-FY26 -> 2227 | GG26: =((((((GB26+GC26)*30)/$E$50)+((GD26+GE26)/$E$51))+(GG25*GH25))-(GF26*GG25))/(GH26) -> 2.426613 | GH26: =GH25-GF26 -> 2227 | GN26: =((((((GI26+GJ26)*30)/$E$50)+((GK26+GL26)/$E$51))+(GN25*GO25))-(GM26*GN25))/(GO26) -> 2.426613 | GO26: =GO25-GM26 -> 2227 | GU26: =((((((GP26+GQ26)*30)/$E$50)+((GR26+GS26)/$E$51))+(GU25*GV25))-(GT26*GU25))/(GV26) -> 2.426613 | GV26: =GV25-GT26 -> 2227
A27: 24 | G27: =((((((B27+C27)*30)/$E$50)+((D27+E27)/$E$51))+(G26*H26))-(F27*G26))/(H27) -> 1.1 | H27: =H26-F27 -> 2400 | I27: 2 | K27: 20 | N27: =((((((I27+J27)*30)/$E$50)+((K27+L27)/$E$51))+(N26*O26))-(M27*N26))/(O27) -> 1.2281855 | O27: =O26-M27 -> 2340 | P27: 3 | R27: 20 | U27: =((((((P27+Q27)*30)/$E$50)+((R27+S27)/$E$51))+(U26*V26))-(T27*U26))/(V27) -> 1.4550099 | V27: =V26-T27 -> 2340 | W27: 2 | AB27: =((((((W27+X27)*30)/$E$50)+((Y27+Z27)/$E$51))+(AB26*AC26))-(AA27*AB26))/(AC27) -> 1.629073 | AC27: =AC26-AA27 -> 2340 | AI27: =((((((AD27+AE27)*30)/$E$50)+((AF27+AG27)/$E$51))+(AI26*AJ26))-(AH27*AI26))/(AJ27) -> 1.7493886 | AJ27: =AJ26-AH27 -> 2340 | AM27: 20 | AP27: =((((((AK27+AL27)*30)/$E$50)+((AM27+AN27)/$E$51))+(AP26*AQ26))-(AO27*AP26))/(AQ27) -> 1.8692111 | AQ27: =AQ26-AO27 -> 2340 | AR27: 3 | AW27: =((((((AR27+AS27)*30)/$E$50)+((AT27+AU27)/$E$51))+(AW26*AX26))-(AV27*AW26))/(AX27) -> 2.0138528 | AX27: =AX26-AV27 -> 2340 | AY27: 3 | BD27: =((((((AY27+AZ27)*30)/$E$50)+((BA27+BB27)/$E$51))+(BD26*BE26))-(BC27*BD26))/(BE27) -> 2.1775716 | BE27: =BE26-BC27 -> 2227 | BF27: 3 | BK27: =((((((BF27+BG27)*30)/$E$50)+((BH27+BI27)/$E$51))+(BK26*BL26))-(BJ27*BK26))/(BL27) -> 2.3727289 | BL27: =BL26-BJ27 -> 2227 | BR27: =((((((BM27+BN27)*30)/$E$50)+((BO27+BP27)/$E$51))+(BR26*BS26))-(BQ27*BR26))/(BS27) -> 2.426613 | BS27: =BS26-BQ27 -> 2227 | BY27: =((((((BT27+BU27)*30)/$E$50)+((BV27+BW27)/$E$51))+(BY26*BZ26))-(BX27*BY26))/(BZ27) -> 2.426613 | BZ27: =BZ26-BX27 -> 2227 | CF27: =((((((CA27+CB27)*30)/$E$50)+((CC27+CD27)/$E$51))+(CF26*CG26))-(CE27*CF26))/(CG27) -> 2.426613 | CG27: =CG26-CE27 -> 2227 | CM27: =((((((CH27+CI27)*30)/$E$50)+((CJ27+CK27)/$E$51))+(CM26*CN26))-(CL27*CM26))/(CN27) -> 2.426613 | CN27: =CN26-CL27 -> 2227 | CT27: =((((((CO27+CP27)*30)/$E$50)+((CQ27+CR27)/$E$51))+(CT26*CU26))-(CS27*CT26))/(CU27) -> 2.426613 | CU27: =CU26-CS27 -> 2227 | DA27: =((((((CV27+CW27)*30)/$E$50)+((CX27+CY27)/$E$51))+(DA26*DB26))-(CZ27*DA26))/(DB27) -> 2.426613 | DB27: =DB26-CZ27 -> 2227 | DH27: =((((((DC27+DD27)*30)/$E$50)+((DE27+DF27)/$E$51))+(DH26*DI26))-(DG27*DH26))/(DI27) -> 2.426613 | DI27: =DI26-DG27 -> 2227 | DO27: =((((((DJ27+DK27)*30)/$E$50)+((DL27+DM27)/$E$51))+(DO26*DP26))-(DN27*DO26))/(DP27) -> 2.426613 | DP27: =DP26-DN27 -> 2227 | DV27: =((((((DQ27+DR27)*30)/$E$50)+((DS27+DT27)/$E$51))+(DV26*DW26))-(DU27*DV26))/(DW27) -> 2.426613 | DW27: =DW26-DU27 -> 2227 | EC27: =((((((DX27+DY27)*30)/$E$50)+((DZ27+EA27)/$E$51))+(EC26*ED26))-(EB27*EC26))/(ED27) -> 2.426613 | ED27: =ED26-EB27 -> 2227 | EJ27: =((((((EE27+EF27)*30)/$E$50)+((EG27+EH27)/$E$51))+(EJ26*EK26))-(EI27*EJ26))/(EK27) -> 2.426613 | EK27: =EK26-EI27 -> 2227 | EQ27: =((((((EL27+EM27)*30)/$E$50)+((EN27+EO27)/$E$51))+(EQ26*ER26))-(EP27*EQ26))/(ER27) -> 2.426613 | ER27: =ER26-EP27 -> 2227 | EX27: =((((((ES27+ET27)*30)/$E$50)+((EU27+EV27)/$E$51))+(EX26*EY26))-(EW27*EX26))/(EY27) -> 2.426613 | EY27: =EY26-EW27 -> 2227 | FE27: =((((((EZ27+FA27)*30)/$E$50)+((FB27+FC27)/$E$51))+(FE26*FF26))-(FD27*FE26))/(FF27) -> 2.426613 | FF27: =FF26-FD27 -> 2227 | FL27: =((((((FG27+FH27)*30)/$E$50)+((FI27+FJ27)/$E$51))+(FL26*FM26))-(FK27*FL26))/(FM27) -> 2.426613 | FM27: =FM26-FK27 -> 2227 | FS27: =((((((FN27+FO27)*30)/$E$50)+((FP27+FQ27)/$E$51))+(FS26*FT26))-(FR27*FS26))/(FT27) -> 2.426613 | FT27: =FT26-FR27 -> 2227 | FZ27: =((((((FU27+FV27)*30)/$E$50)+((FW27+FX27)/$E$51))+(FZ26*GA26))-(FY27*FZ26))/(GA27) -> 2.426613 | GA27: =GA26-FY27 -> 2227 | GG27: =((((((GB27+GC27)*30)/$E$50)+((GD27+GE27)/$E$51))+(GG26*GH26))-(GF27*GG26))/(GH27) -> 2.426613 | GH27: =GH26-GF27 -> 2227 | GN27: =((((((GI27+GJ27)*30)/$E$50)+((GK27+GL27)/$E$51))+(GN26*GO26))-(GM27*GN26))/(GO27) -> 2.426613 | GO27: =GO26-GM27 -> 2227 | GU27: =((((((GP27+GQ27)*30)/$E$50)+((GR27+GS27)/$E$51))+(GU26*GV26))-(GT27*GU26))/(GV27) -> 2.426613 | GV27: =GV26-GT27 -> 2227
A28: 25 | G28: =((((((B28+C28)*30)/$E$50)+((D28+E28)/$E$51))+(G27*H27))-(F28*G27))/(H28) -> 1.1 | H28: =H27-F28 -> 2400 | I28: 2 | K28: 20 | N28: =((((((I28+J28)*30)/$E$50)+((K28+L28)/$E$51))+(N27*O27))-(M28*N27))/(O28) -> 1.2364037 | O28: =O27-M28 -> 2340 | P28: 1 | R28: 20 | U28: =((((((P28+Q28)*30)/$E$50)+((R28+S28)/$E$51))+(U27*V27))-(T28*U27))/(V28) -> 1.4612558 | V28: =V27-T28 -> 2340 | W28: 2 | AB28: =((((((W28+X28)*30)/$E$50)+((Y28+Z28)/$E$51))+(AB27*AC27))-(AA28*AB27))/(AC28) -> 1.6330178 | AC28: =AC27-AA28 -> 2340 | AF28: 20 | AI28: =((((((AD28+AE28)*30)/$E$50)+((AF28+AG28)/$E$51))+(AI27*AJ27))-(AH28*AI27))/(AJ28) -> 1.7536621 | AJ28: =AJ27-AH28 -> 2340 | AM28: 20 | AP28: =((((((AK28+AL28)*30)/$E$50)+((AM28+AN28)/$E$51))+(AP27*AQ27))-(AO28*AP27))/(AQ28) -> 1.8734846 | AQ28: =AQ27-AO28 -> 2340 | AR28: 3 | AW28: =((((((AR28+AS28)*30)/$E$50)+((AT28+AU28)/$E$51))+(AW27*AX27))-(AV28*AW27))/(AX28) -> 2.0197699 | AX28: =AX27-AV28 -> 2340 | AY28: 3 | BD28: =((((((AY28+AZ28)*30)/$E$50)+((BA28+BB28)/$E$51))+(BD27*BE27))-(BC28*BD27))/(BE28) -> 2.183789 | BE28: =BE27-BC28 -> 2227 | BF28: 4 | BK28: =((((((BF28+BG28)*30)/$E$50)+((BH28+BI28)/$E$51))+(BK27*BL27))-(BJ28*BK27))/(BL28) -> 2.3810188 | BL28: =BL27-BJ28 -> 2227 | BR28: =((((((BM28+BN28)*30)/$E$50)+((BO28+BP28)/$E$51))+(BR27*BS27))-(BQ28*BR27))/(BS28) -> 2.426613 | BS28: =BS27-BQ28 -> 2227 | BY28: =((((((BT28+BU28)*30)/$E$50)+((BV28+BW28)/$E$51))+(BY27*BZ27))-(BX28*BY27))/(BZ28) -> 2.426613 | BZ28: =BZ27-BX28 -> 2227 | CF28: =((((((CA28+CB28)*30)/$E$50)+((CC28+CD28)/$E$51))+(CF27*CG27))-(CE28*CF27))/(CG28) -> 2.426613 | CG28: =CG27-CE28 -> 2227 | CM28: =((((((CH28+CI28)*30)/$E$50)+((CJ28+CK28)/$E$51))+(CM27*CN27))-(CL28*CM27))/(CN28) -> 2.426613 | CN28: =CN27-CL28 -> 2227 | CT28: =((((((CO28+CP28)*30)/$E$50)+((CQ28+CR28)/$E$51))+(CT27*CU27))-(CS28*CT27))/(CU28) -> 2.426613 | CU28: =CU27-CS28 -> 2227 | DA28: =((((((CV28+CW28)*30)/$E$50)+((CX28+CY28)/$E$51))+(DA27*DB27))-(CZ28*DA27))/(DB28) -> 2.426613 | DB28: =DB27-CZ28 -> 2227 | DH28: =((((((DC28+DD28)*30)/$E$50)+((DE28+DF28)/$E$51))+(DH27*DI27))-(DG28*DH27))/(DI28) -> 2.426613 | DI28: =DI27-DG28 -> 2227 | DO28: =((((((DJ28+DK28)*30)/$E$50)+((DL28+DM28)/$E$51))+(DO27*DP27))-(DN28*DO27))/(DP28) -> 2.426613 | DP28: =DP27-DN28 -> 2227 | DV28: =((((((DQ28+DR28)*30)/$E$50)+((DS28+DT28)/$E$51))+(DV27*DW27))-(DU28*DV27))/(DW28) -> 2.426613 | DW28: =DW27-DU28 -> 2227 | EC28: =((((((DX28+DY28)*30)/$E$50)+((DZ28+EA28)/$E$51))+(EC27*ED27))-(EB28*EC27))/(ED28) -> 2.426613 | ED28: =ED27-EB28 -> 2227 | EJ28: =((((((EE28+EF28)*30)/$E$50)+((EG28+EH28)/$E$51))+(EJ27*EK27))-(EI28*EJ27))/(EK28) -> 2.426613 | EK28: =EK27-EI28 -> 2227 | EQ28: =((((((EL28+EM28)*30)/$E$50)+((EN28+EO28)/$E$51))+(EQ27*ER27))-(EP28*EQ27))/(ER28) -> 2.426613 | ER28: =ER27-EP28 -> 2227 | EX28: =((((((ES28+ET28)*30)/$E$50)+((EU28+EV28)/$E$51))+(EX27*EY27))-(EW28*EX27))/(EY28) -> 2.426613 | EY28: =EY27-EW28 -> 2227 | FE28: =((((((EZ28+FA28)*30)/$E$50)+((FB28+FC28)/$E$51))+(FE27*FF27))-(FD28*FE27))/(FF28) -> 2.426613 | FF28: =FF27-FD28 -> 2227 | FL28: =((((((FG28+FH28)*30)/$E$50)+((FI28+FJ28)/$E$51))+(FL27*FM27))-(FK28*FL27))/(FM28) -> 2.426613 | FM28: =FM27-FK28 -> 2227 | FS28: =((((((FN28+FO28)*30)/$E$50)+((FP28+FQ28)/$E$51))+(FS27*FT27))-(FR28*FS27))/(FT28) -> 2.426613 | FT28: =FT27-FR28 -> 2227 | FZ28: =((((((FU28+FV28)*30)/$E$50)+((FW28+FX28)/$E$51))+(FZ27*GA27))-(FY28*FZ27))/(GA28) -> 2.426613 | GA28: =GA27-FY28 -> 2227 | GG28: =((((((GB28+GC28)*30)/$E$50)+((GD28+GE28)/$E$51))+(GG27*GH27))-(GF28*GG27))/(GH28) -> 2.426613 | GH28: =GH27-GF28 -> 2227 | GN28: =((((((GI28+GJ28)*30)/$E$50)+((GK28+GL28)/$E$51))+(GN27*GO27))-(GM28*GN27))/(GO28) -> 2.426613 | GO28: =GO27-GM28 -> 2227 | GU28: =((((((GP28+GQ28)*30)/$E$50)+((GR28+GS28)/$E$51))+(GU27*GV27))-(GT28*GU27))/(GV28) -> 2.426613 | GV28: =GV27-GT28 -> 2227
A29: 26 | G29: =((((((B29+C29)*30)/$E$50)+((D29+E29)/$E$51))+(G28*H28))-(F29*G28))/(H29) -> 1.1 | H29: =H28-F29 -> 2400 | I29: 2 | K29: 20 | N29: =((((((I29+J29)*30)/$E$50)+((K29+L29)/$E$51))+(N28*O28))-(M29*N28))/(O29) -> 1.244622 | O29: =O28-M29 -> 2340 | P29: 2 | R29: 20 | U29: =((((((P29+Q29)*30)/$E$50)+((R29+S29)/$E$51))+(U28*V28))-(T29*U28))/(V29) -> 1.4694741 | V29: =V28-T29 -> 2340 | W29: 3 | AB29: =((((((W29+X29)*30)/$E$50)+((Y29+Z29)/$E$51))+(AB28*AC28))-(AA29*AB28))/(AC29) -> 1.638935 | AC29: =AC28-AA29 -> 2340 | AF29: 10 | AI29: =((((((AD29+AE29)*30)/$E$50)+((AF29+AG29)/$E$51))+(AI28*AJ28))-(AH29*AI28))/(AJ29) -> 1.7557989 | AJ29: =AJ28-AH29 -> 2340 | AM29: 30 | AP29: =((((((AK29+AL29)*30)/$E$50)+((AM29+AN29)/$E$51))+(AP28*AQ28))-(AO29*AP28))/(AQ29) -> 1.8798949 | AQ29: =AQ28-AO29 -> 2340 | AR29: 3 | AW29: =((((((AR29+AS29)*30)/$E$50)+((AT29+AU29)/$E$51))+(AW28*AX28))-(AV29*AW28))/(AX29) -> 2.0256871 | AX29: =AX28-AV29 -> 2340 | AY29: 4 | BD29: =((((((AY29+AZ29)*30)/$E$50)+((BA29+BB29)/$E$51))+(BD28*BE28))-(BC29*BD28))/(BE29) -> 2.1920788 | BE29: =BE28-BC29 -> 2227 | BF29: 5 | BK29: =((((((BF29+BG29)*30)/$E$50)+((BH29+BI29)/$E$51))+(BK28*BL28))-(BJ29*BK28))/(BL29) -> 2.3913811 | BL29: =BL28-BJ29 -> 2227 | BR29: =((((((BM29+BN29)*30)/$E$50)+((BO29+BP29)/$E$51))+(BR28*BS28))-(BQ29*BR28))/(BS29) -> 2.426613 | BS29: =BS28-BQ29 -> 2227 | BY29: =((((((BT29+BU29)*30)/$E$50)+((BV29+BW29)/$E$51))+(BY28*BZ28))-(BX29*BY28))/(BZ29) -> 2.426613 | BZ29: =BZ28-BX29 -> 2227 | CF29: =((((((CA29+CB29)*30)/$E$50)+((CC29+CD29)/$E$51))+(CF28*CG28))-(CE29*CF28))/(CG29) -> 2.426613 | CG29: =CG28-CE29 -> 2227 | CM29: =((((((CH29+CI29)*30)/$E$50)+((CJ29+CK29)/$E$51))+(CM28*CN28))-(CL29*CM28))/(CN29) -> 2.426613 | CN29: =CN28-CL29 -> 2227 | CT29: =((((((CO29+CP29)*30)/$E$50)+((CQ29+CR29)/$E$51))+(CT28*CU28))-(CS29*CT28))/(CU29) -> 2.426613 | CU29: =CU28-CS29 -> 2227 | DA29: =((((((CV29+CW29)*30)/$E$50)+((CX29+CY29)/$E$51))+(DA28*DB28))-(CZ29*DA28))/(DB29) -> 2.426613 | DB29: =DB28-CZ29 -> 2227 | DH29: =((((((DC29+DD29)*30)/$E$50)+((DE29+DF29)/$E$51))+(DH28*DI28))-(DG29*DH28))/(DI29) -> 2.426613 | DI29: =DI28-DG29 -> 2227 | DO29: =((((((DJ29+DK29)*30)/$E$50)+((DL29+DM29)/$E$51))+(DO28*DP28))-(DN29*DO28))/(DP29) -> 2.426613 | DP29: =DP28-DN29 -> 2227 | DV29: =((((((DQ29+DR29)*30)/$E$50)+((DS29+DT29)/$E$51))+(DV28*DW28))-(DU29*DV28))/(DW29) -> 2.426613 | DW29: =DW28-DU29 -> 2227 | EC29: =((((((DX29+DY29)*30)/$E$50)+((DZ29+EA29)/$E$51))+(EC28*ED28))-(EB29*EC28))/(ED29) -> 2.426613 | ED29: =ED28-EB29 -> 2227 | EJ29: =((((((EE29+EF29)*30)/$E$50)+((EG29+EH29)/$E$51))+(EJ28*EK28))-(EI29*EJ28))/(EK29) -> 2.426613 | EK29: =EK28-EI29 -> 2227 | EQ29: =((((((EL29+EM29)*30)/$E$50)+((EN29+EO29)/$E$51))+(EQ28*ER28))-(EP29*EQ28))/(ER29) -> 2.426613 | ER29: =ER28-EP29 -> 2227 | EX29: =((((((ES29+ET29)*30)/$E$50)+((EU29+EV29)/$E$51))+(EX28*EY28))-(EW29*EX28))/(EY29) -> 2.426613 | EY29: =EY28-EW29 -> 2227 | FE29: =((((((EZ29+FA29)*30)/$E$50)+((FB29+FC29)/$E$51))+(FE28*FF28))-(FD29*FE28))/(FF29) -> 2.426613 | FF29: =FF28-FD29 -> 2227 | FL29: =((((((FG29+FH29)*30)/$E$50)+((FI29+FJ29)/$E$51))+(FL28*FM28))-(FK29*FL28))/(FM29) -> 2.426613 | FM29: =FM28-FK29 -> 2227 | FS29: =((((((FN29+FO29)*30)/$E$50)+((FP29+FQ29)/$E$51))+(FS28*FT28))-(FR29*FS28))/(FT29) -> 2.426613 | FT29: =FT28-FR29 -> 2227 | FZ29: =((((((FU29+FV29)*30)/$E$50)+((FW29+FX29)/$E$51))+(FZ28*GA28))-(FY29*FZ28))/(GA29) -> 2.426613 | GA29: =GA28-FY29 -> 2227 | GG29: =((((((GB29+GC29)*30)/$E$50)+((GD29+GE29)/$E$51))+(GG28*GH28))-(GF29*GG28))/(GH29) -> 2.426613 | GH29: =GH28-GF29 -> 2227 | GN29: =((((((GI29+GJ29)*30)/$E$50)+((GK29+GL29)/$E$51))+(GN28*GO28))-(GM29*GN28))/(GO29) -> 2.426613 | GO29: =GO28-GM29 -> 2227 | GU29: =((((((GP29+GQ29)*30)/$E$50)+((GR29+GS29)/$E$51))+(GU28*GV28))-(GT29*GU28))/(GV29) -> 2.426613 | GV29: =GV28-GT29 -> 2227
